nodesData,years,converter_techs,unitsBuild,unitsUpperLimit,noExpansion
AKL,1992,BIO,0.0055,inf,0
AKL,1997,COAL,0.112,inf,0
AKL,2003,BIO,0.007,inf,0
AKL,2005,GT,0.0036,inf,0
AKL,2020,BIO,0.0,100.0,1
AKL,2020,Battery,0.0,50.0,0
AKL,2020,CCGT,0.0,100.0,1
AKL,2020,COAL,0.0,100.0,1
AKL,2020,DIE,0.0,100.0,1
AKL,2020,Electrolyser,0.0,100.0,0
AKL,2020,GT,0.0,100.0,1
AKL,2020,H2_CCGT,0.0,100.0,0
AKL,2020,H2_FC,0.0,100.0,0
AKL,2020,H2_storage,0.0,50.0,0
AKL,2020,OCGT,0.0,100.0,1
AKL,2020,pv_central_fixed,0.0,180.66817,1
AKL,2020,pv_central_track_azimuth,0.0,180.66817,1
AKL,2020,pv_decentral,0.0,2.2025300000000003,1
AKL,2020,wind_offshore_floating,0.0,34.72203,1
AKL,2020,wind_offshore_foundation,0.0,12.56432,1
AKL,2020,wind_onshore,0.0,7.56917,1
AKL,2025,BIO,0.0,100.0,0
AKL,2025,CCGT,0.0,100.0,0
AKL,2025,COAL,0.0,100.0,0
AKL,2025,DIE,0.0,100.0,0
AKL,2025,Electrolyser,0.0,100.0,0
AKL,2025,GT,0.0,100.0,0
AKL,2025,H2_CCGT,0.0,100.0,0
AKL,2025,H2_FC,0.0,100.0,0
AKL,2025,OCGT,0.0,100.0,0
AKL,2025,pv_central_fixed,0.0,180.66817,0
AKL,2025,pv_central_track_azimuth,0.0,180.66817,0
AKL,2025,pv_decentral,0.0,2.2025300000000003,0
AKL,2025,wind_offshore_floating,0.0,34.72203,0
AKL,2025,wind_offshore_foundation,0.0,12.56432,0
AKL,2025,wind_onshore,0.0,7.56917,0
AKL,2030,BIO,0.0,100.0,0
AKL,2030,Battery,0.0,50.0,0
AKL,2030,CCGT,0.0,100.0,0
AKL,2030,COAL,0.0,100.0,0
AKL,2030,DIE,0.0,100.0,0
AKL,2030,Electrolyser,0.0,100.0,0
AKL,2030,GT,0.0,100.0,0
AKL,2030,H2_CCGT,0.0,100.0,0
AKL,2030,H2_FC,0.0,100.0,0
AKL,2030,OCGT,0.0,100.0,0
AKL,2030,pv_central_fixed,0.0,180.66817,0
AKL,2030,pv_central_track_azimuth,0.0,180.66817,0
AKL,2030,pv_decentral,0.0,2.2025300000000003,0
AKL,2030,wind_offshore_floating,0.0,34.72203,0
AKL,2030,wind_offshore_foundation,0.0,12.56432,0
AKL,2030,wind_onshore,0.0,7.56917,0
AKL,2035,BIO,0.0,100.0,0
AKL,2035,CCGT,0.0,100.0,0
AKL,2035,COAL,0.0,100.0,0
AKL,2035,DIE,0.0,100.0,0
AKL,2035,Electrolyser,0.0,100.0,0
AKL,2035,GT,0.0,100.0,0
AKL,2035,H2_CCGT,0.0,100.0,0
AKL,2035,H2_FC,0.0,100.0,0
AKL,2035,H2_storage,0.0,50.0,0
AKL,2035,OCGT,0.0,100.0,0
AKL,2035,pv_central_fixed,0.0,180.66817,0
AKL,2035,pv_central_track_azimuth,0.0,180.66817,0
AKL,2035,pv_decentral,0.0,2.2025300000000003,0
AKL,2035,wind_offshore_floating,0.0,34.72203,0
AKL,2035,wind_offshore_foundation,0.0,12.56432,0
AKL,2035,wind_onshore,0.0,7.56917,0
AKL,2040,BIO,0.0,100.0,0
AKL,2040,Battery,0.0,50.0,0
AKL,2040,CCGT,0.0,100.0,0
AKL,2040,COAL,0.0,100.0,0
AKL,2040,DIE,0.0,100.0,0
AKL,2040,Electrolyser,0.0,100.0,0
AKL,2040,GT,0.0,100.0,0
AKL,2040,H2_CCGT,0.0,100.0,0
AKL,2040,H2_FC,0.0,100.0,0
AKL,2040,OCGT,0.0,100.0,0
AKL,2040,pv_central_fixed,0.0,180.66817,0
AKL,2040,pv_central_track_azimuth,0.0,180.66817,0
AKL,2040,pv_decentral,0.0,2.2025300000000003,0
AKL,2040,wind_offshore_floating,0.0,34.72203,0
AKL,2040,wind_offshore_foundation,0.0,12.56432,0
AKL,2040,wind_onshore,0.0,7.56917,0
AKL,2045,BIO,0.0,100.0,0
AKL,2045,CCGT,0.0,100.0,0
AKL,2045,COAL,0.0,100.0,0
AKL,2045,DIE,0.0,100.0,0
AKL,2045,Electrolyser,0.0,100.0,0
AKL,2045,GT,0.0,100.0,0
AKL,2045,H2_CCGT,0.0,100.0,0
AKL,2045,H2_FC,0.0,100.0,0
AKL,2045,OCGT,0.0,100.0,0
AKL,2045,pv_central_fixed,0.0,180.66817,0
AKL,2045,pv_central_track_azimuth,0.0,180.66817,0
AKL,2045,pv_decentral,0.0,2.2025300000000003,0
AKL,2045,wind_offshore_floating,0.0,34.72203,0
AKL,2045,wind_offshore_foundation,0.0,12.56432,0
AKL,2045,wind_onshore,0.0,7.56917,0
AKL,2050,BIO,0.0,100.0,0
AKL,2050,Battery,0.0,50.0,0
AKL,2050,CCGT,0.0,100.0,0
AKL,2050,COAL,0.0,100.0,0
AKL,2050,DIE,0.0,100.0,0
AKL,2050,Electrolyser,0.0,100.0,0
AKL,2050,GT,0.0,100.0,0
AKL,2050,H2_CCGT,0.0,100.0,0
AKL,2050,H2_FC,0.0,100.0,0
AKL,2050,H2_storage,0.0,50.0,0
AKL,2050,OCGT,0.0,100.0,0
AKL,2050,pv_central_fixed,0.0,180.66817,0
AKL,2050,pv_central_track_azimuth,0.0,180.66817,0
AKL,2050,pv_decentral,0.0,2.2025300000000003,0
AKL,2050,wind_offshore_floating,0.0,34.72203,0
AKL,2050,wind_offshore_foundation,0.0,12.56432,0
AKL,2050,wind_onshore,0.0,7.56917,0
BOP,1966,GT,0.037,inf,0
BOP,1966,geoth,0.008,0.0,0
BOP,1989,geoth,0.006,0.0,0
BOP,1996,OCGT,0.01,inf,0
BOP,2000,Hydro,0.17095,inf,1
BOP,2008,geoth,0.115,0.0,0
BOP,2013,geoth,0.021,0.0,0
BOP,2018,geoth,0.025,0.0,0
BOP,2020,BIO,0.0,100.0,1
BOP,2020,Battery,0.0,50.0,0
BOP,2020,CCGT,0.0,100.0,1
BOP,2020,COAL,0.0,100.0,1
BOP,2020,DIE,0.0,100.0,1
BOP,2020,Electrolyser,0.0,100.0,0
BOP,2020,GT,0.0,100.0,1
BOP,2020,H2_CCGT,0.0,100.0,0
BOP,2020,H2_FC,0.0,100.0,0
BOP,2020,H2_storage,0.0,50.0,0
BOP,2020,Hydro,0.0,inf,1
BOP,2020,OCGT,0.0,100.0,1
BOP,2020,geoth,0.0,100.0,1
BOP,2020,pv_central_fixed,0.0,237.96793,1
BOP,2020,pv_central_track_azimuth,0.0,237.94020999999998,1
BOP,2020,pv_decentral,0.0,0.56348,1
BOP,2020,wind_offshore_floating,0.0,21.897479999999998,1
BOP,2020,wind_offshore_foundation,0.0,5.5911800000000005,1
BOP,2020,wind_onshore,0.0,11.39598,1
BOP,2025,BIO,0.0,100.0,0
BOP,2025,CCGT,0.0,100.0,0
BOP,2025,COAL,0.0,100.0,0
BOP,2025,DIE,0.0,100.0,0
BOP,2025,Electrolyser,0.0,100.0,0
BOP,2025,GT,0.0,100.0,0
BOP,2025,H2_CCGT,0.0,100.0,0
BOP,2025,H2_FC,0.0,100.0,0
BOP,2025,Hydro,0.0,inf,1
BOP,2025,OCGT,0.0,100.0,0
BOP,2025,geoth,0.0,100.0,1
BOP,2025,pv_central_fixed,0.0,237.96793,0
BOP,2025,pv_central_track_azimuth,0.0,237.94020999999998,0
BOP,2025,pv_decentral,0.0,0.56348,0
BOP,2025,wind_offshore_floating,0.0,21.897479999999998,0
BOP,2025,wind_offshore_foundation,0.0,5.5911800000000005,0
BOP,2025,wind_onshore,0.0,11.39598,0
BOP,2030,BIO,0.0,100.0,0
BOP,2030,Battery,0.0,50.0,0
BOP,2030,CCGT,0.0,100.0,0
BOP,2030,COAL,0.0,100.0,0
BOP,2030,DIE,0.0,100.0,0
BOP,2030,Electrolyser,0.0,100.0,0
BOP,2030,GT,0.0,100.0,0
BOP,2030,H2_CCGT,0.0,100.0,0
BOP,2030,H2_FC,0.0,100.0,0
BOP,2030,Hydro,0.0,inf,1
BOP,2030,OCGT,0.0,100.0,0
BOP,2030,geoth,0.0,100.0,1
BOP,2030,pv_central_fixed,0.0,237.96793,0
BOP,2030,pv_central_track_azimuth,0.0,237.94020999999998,0
BOP,2030,pv_decentral,0.0,0.56348,0
BOP,2030,wind_offshore_floating,0.0,21.897479999999998,0
BOP,2030,wind_offshore_foundation,0.0,5.5911800000000005,0
BOP,2030,wind_onshore,0.0,11.39598,0
BOP,2035,BIO,0.0,100.0,0
BOP,2035,CCGT,0.0,100.0,0
BOP,2035,COAL,0.0,100.0,0
BOP,2035,DIE,0.0,100.0,0
BOP,2035,Electrolyser,0.0,100.0,0
BOP,2035,GT,0.0,100.0,0
BOP,2035,H2_CCGT,0.0,100.0,0
BOP,2035,H2_FC,0.0,100.0,0
BOP,2035,H2_storage,0.0,50.0,0
BOP,2035,Hydro,0.0,inf,1
BOP,2035,OCGT,0.0,100.0,0
BOP,2035,geoth,0.0,100.0,1
BOP,2035,pv_central_fixed,0.0,237.96793,0
BOP,2035,pv_central_track_azimuth,0.0,237.94020999999998,0
BOP,2035,pv_decentral,0.0,0.56348,0
BOP,2035,wind_offshore_floating,0.0,21.897479999999998,0
BOP,2035,wind_offshore_foundation,0.0,5.5911800000000005,0
BOP,2035,wind_onshore,0.0,11.39598,0
BOP,2040,BIO,0.0,100.0,0
BOP,2040,Battery,0.0,50.0,0
BOP,2040,CCGT,0.0,100.0,0
BOP,2040,COAL,0.0,100.0,0
BOP,2040,DIE,0.0,100.0,0
BOP,2040,Electrolyser,0.0,100.0,0
BOP,2040,GT,0.0,100.0,0
BOP,2040,H2_CCGT,0.0,100.0,0
BOP,2040,H2_FC,0.0,100.0,0
BOP,2040,Hydro,0.0,inf,1
BOP,2040,OCGT,0.0,100.0,0
BOP,2040,geoth,0.0,100.0,1
BOP,2040,pv_central_fixed,0.0,237.96793,0
BOP,2040,pv_central_track_azimuth,0.0,237.94020999999998,0
BOP,2040,pv_decentral,0.0,0.56348,0
BOP,2040,wind_offshore_floating,0.0,21.897479999999998,0
BOP,2040,wind_offshore_foundation,0.0,5.5911800000000005,0
BOP,2040,wind_onshore,0.0,11.39598,0
BOP,2045,BIO,0.0,100.0,0
BOP,2045,CCGT,0.0,100.0,0
BOP,2045,COAL,0.0,100.0,0
BOP,2045,DIE,0.0,100.0,0
BOP,2045,Electrolyser,0.0,100.0,0
BOP,2045,GT,0.0,100.0,0
BOP,2045,H2_CCGT,0.0,100.0,0
BOP,2045,H2_FC,0.0,100.0,0
BOP,2045,Hydro,0.0,inf,1
BOP,2045,OCGT,0.0,100.0,0
BOP,2045,geoth,0.0,100.0,1
BOP,2045,pv_central_fixed,0.0,237.96793,0
BOP,2045,pv_central_track_azimuth,0.0,237.94020999999998,0
BOP,2045,pv_decentral,0.0,0.56348,0
BOP,2045,wind_offshore_floating,0.0,21.897479999999998,0
BOP,2045,wind_offshore_foundation,0.0,5.5911800000000005,0
BOP,2045,wind_onshore,0.0,11.39598,0
BOP,2050,BIO,0.0,100.0,0
BOP,2050,Battery,0.0,50.0,0
BOP,2050,CCGT,0.0,100.0,0
BOP,2050,COAL,0.0,100.0,0
BOP,2050,DIE,0.0,100.0,0
BOP,2050,Electrolyser,0.0,100.0,0
BOP,2050,GT,0.0,100.0,0
BOP,2050,H2_CCGT,0.0,100.0,0
BOP,2050,H2_FC,0.0,100.0,0
BOP,2050,H2_storage,0.0,50.0,0
BOP,2050,Hydro,0.0,inf,1
BOP,2050,OCGT,0.0,100.0,0
BOP,2050,geoth,0.0,100.0,1
BOP,2050,pv_central_fixed,0.0,237.96793,0
BOP,2050,pv_central_track_azimuth,0.0,237.94020999999998,0
BOP,2050,pv_decentral,0.0,0.56348,0
BOP,2050,wind_offshore_floating,0.0,21.897479999999998,0
BOP,2050,wind_offshore_foundation,0.0,5.5911800000000005,0
BOP,2050,wind_onshore,0.0,11.39598,0
CAN,1996,BIO,0.0032,inf,0
CAN,2000,Hydro,1.82683,inf,1
CAN,2003,wind_onshore,0.0005,inf,0
CAN,2005,wind_onshore,0.0001,inf,0
CAN,2020,BIO,0.0,100.0,1
CAN,2020,Battery,0.0,50.0,0
CAN,2020,CCGT,0.0,100.0,1
CAN,2020,COAL,0.0,100.0,1
CAN,2020,DIE,0.0,100.0,1
CAN,2020,Electrolyser,0.0,100.0,0
CAN,2020,GT,0.0,100.0,1
CAN,2020,H2_CCGT,0.0,100.0,0
CAN,2020,H2_FC,0.0,100.0,0
CAN,2020,H2_storage,0.0,50.0,0
CAN,2020,Hydro,0.0,inf,1
CAN,2020,OCGT,0.0,100.0,1
CAN,2020,pv_central_fixed,0.0,1084.1251499999998,1
CAN,2020,pv_central_track_azimuth,0.0,1074.11219,1
CAN,2020,pv_decentral,0.0,1.19204,1
CAN,2020,wind_offshore_floating,0.0,67.81437,1
CAN,2020,wind_offshore_foundation,0.0,25.37745,1
CAN,2020,wind_onshore,0.0,32.23317,1
CAN,2025,BIO,0.0,100.0,0
CAN,2025,CCGT,0.0,100.0,0
CAN,2025,COAL,0.0,100.0,0
CAN,2025,DIE,0.0,100.0,0
CAN,2025,Electrolyser,0.0,100.0,0
CAN,2025,GT,0.0,100.0,0
CAN,2025,H2_CCGT,0.0,100.0,0
CAN,2025,H2_FC,0.0,100.0,0
CAN,2025,Hydro,0.0,inf,1
CAN,2025,OCGT,0.0,100.0,0
CAN,2025,pv_central_fixed,0.0,1084.1251499999998,0
CAN,2025,pv_central_track_azimuth,0.0,1074.11219,0
CAN,2025,pv_decentral,0.0,1.19204,0
CAN,2025,wind_offshore_floating,0.0,67.81437,0
CAN,2025,wind_offshore_foundation,0.0,25.37745,0
CAN,2025,wind_onshore,0.0,32.23317,0
CAN,2030,BIO,0.0,100.0,0
CAN,2030,Battery,0.0,50.0,0
CAN,2030,CCGT,0.0,100.0,0
CAN,2030,COAL,0.0,100.0,0
CAN,2030,DIE,0.0,100.0,0
CAN,2030,Electrolyser,0.0,100.0,0
CAN,2030,GT,0.0,100.0,0
CAN,2030,H2_CCGT,0.0,100.0,0
CAN,2030,H2_FC,0.0,100.0,0
CAN,2030,Hydro,0.0,inf,1
CAN,2030,OCGT,0.0,100.0,0
CAN,2030,pv_central_fixed,0.0,1084.1251499999998,0
CAN,2030,pv_central_track_azimuth,0.0,1074.11219,0
CAN,2030,pv_decentral,0.0,1.19204,0
CAN,2030,wind_offshore_floating,0.0,67.81437,0
CAN,2030,wind_offshore_foundation,0.0,25.37745,0
CAN,2030,wind_onshore,0.0,32.23317,0
CAN,2035,BIO,0.0,100.0,0
CAN,2035,CCGT,0.0,100.0,0
CAN,2035,COAL,0.0,100.0,0
CAN,2035,DIE,0.0,100.0,0
CAN,2035,Electrolyser,0.0,100.0,0
CAN,2035,GT,0.0,100.0,0
CAN,2035,H2_CCGT,0.0,100.0,0
CAN,2035,H2_FC,0.0,100.0,0
CAN,2035,H2_storage,0.0,50.0,0
CAN,2035,Hydro,0.0,inf,1
CAN,2035,OCGT,0.0,100.0,0
CAN,2035,pv_central_fixed,0.0,1084.1251499999998,0
CAN,2035,pv_central_track_azimuth,0.0,1074.11219,0
CAN,2035,pv_decentral,0.0,1.19204,0
CAN,2035,wind_offshore_floating,0.0,67.81437,0
CAN,2035,wind_offshore_foundation,0.0,25.37745,0
CAN,2035,wind_onshore,0.0,32.23317,0
CAN,2040,BIO,0.0,100.0,0
CAN,2040,Battery,0.0,50.0,0
CAN,2040,CCGT,0.0,100.0,0
CAN,2040,COAL,0.0,100.0,0
CAN,2040,DIE,0.0,100.0,0
CAN,2040,Electrolyser,0.0,100.0,0
CAN,2040,GT,0.0,100.0,0
CAN,2040,H2_CCGT,0.0,100.0,0
CAN,2040,H2_FC,0.0,100.0,0
CAN,2040,Hydro,0.0,inf,1
CAN,2040,OCGT,0.0,100.0,0
CAN,2040,pv_central_fixed,0.0,1084.1251499999998,0
CAN,2040,pv_central_track_azimuth,0.0,1074.11219,0
CAN,2040,pv_decentral,0.0,1.19204,0
CAN,2040,wind_offshore_floating,0.0,67.81437,0
CAN,2040,wind_offshore_foundation,0.0,25.37745,0
CAN,2040,wind_onshore,0.0,32.23317,0
CAN,2045,BIO,0.0,100.0,0
CAN,2045,CCGT,0.0,100.0,0
CAN,2045,COAL,0.0,100.0,0
CAN,2045,DIE,0.0,100.0,0
CAN,2045,Electrolyser,0.0,100.0,0
CAN,2045,GT,0.0,100.0,0
CAN,2045,H2_CCGT,0.0,100.0,0
CAN,2045,H2_FC,0.0,100.0,0
CAN,2045,Hydro,0.0,inf,1
CAN,2045,OCGT,0.0,100.0,0
CAN,2045,pv_central_fixed,0.0,1084.1251499999998,0
CAN,2045,pv_central_track_azimuth,0.0,1074.11219,0
CAN,2045,pv_decentral,0.0,1.19204,0
CAN,2045,wind_offshore_floating,0.0,67.81437,0
CAN,2045,wind_offshore_foundation,0.0,25.37745,0
CAN,2045,wind_onshore,0.0,32.23317,0
CAN,2050,BIO,0.0,100.0,0
CAN,2050,Battery,0.0,50.0,0
CAN,2050,CCGT,0.0,100.0,0
CAN,2050,COAL,0.0,100.0,0
CAN,2050,DIE,0.0,100.0,0
CAN,2050,Electrolyser,0.0,100.0,0
CAN,2050,GT,0.0,100.0,0
CAN,2050,H2_CCGT,0.0,100.0,0
CAN,2050,H2_FC,0.0,100.0,0
CAN,2050,H2_storage,0.0,50.0,0
CAN,2050,Hydro,0.0,inf,1
CAN,2050,OCGT,0.0,100.0,0
CAN,2050,pv_central_fixed,0.0,1084.1251499999998,0
CAN,2050,pv_central_track_azimuth,0.0,1074.11219,0
CAN,2050,pv_decentral,0.0,1.19204,0
CAN,2050,wind_offshore_floating,0.0,67.81437,0
CAN,2050,wind_offshore_foundation,0.0,25.37745,0
CAN,2050,wind_onshore,0.0,32.23317,0
CEN,1999,wind_onshore,0.0317,inf,0
CEN,2000,Hydro,0.399,inf,1
CEN,2004,wind_onshore,0.12705,inf,0
CEN,2007,wind_onshore,0.093,inf,0
CEN,2011,wind_onshore,0.0485,inf,0
CEN,2020,BIO,0.0,100.0,1
CEN,2020,Battery,0.0,50.0,0
CEN,2020,CCGT,0.0,100.0,1
CEN,2020,COAL,0.0,100.0,1
CEN,2020,DIE,0.0,100.0,1
CEN,2020,Electrolyser,0.0,100.0,0
CEN,2020,GT,0.0,100.0,1
CEN,2020,H2_CCGT,0.0,100.0,0
CEN,2020,H2_FC,0.0,100.0,0
CEN,2020,H2_storage,0.0,50.0,0
CEN,2020,Hydro,0.0,inf,1
CEN,2020,OCGT,0.0,100.0,1
CEN,2020,pv_central_fixed,0.0,496.94086,1
CEN,2020,pv_central_track_azimuth,0.0,496.94086,1
CEN,2020,pv_decentral,0.0,0.51601,1
CEN,2020,wind_offshore_floating,0.0,6.4615100000000005,1
CEN,2020,wind_offshore_foundation,0.0,2.03837,1
CEN,2020,wind_onshore,0.2214,16.594099999999997,1
CEN,2025,BIO,0.0,100.0,0
CEN,2025,CCGT,0.0,100.0,0
CEN,2025,COAL,0.0,100.0,0
CEN,2025,DIE,0.0,100.0,0
CEN,2025,Electrolyser,0.0,100.0,0
CEN,2025,GT,0.0,100.0,0
CEN,2025,H2_CCGT,0.0,100.0,0
CEN,2025,H2_FC,0.0,100.0,0
CEN,2025,Hydro,0.0,inf,1
CEN,2025,OCGT,0.0,100.0,0
CEN,2025,pv_central_fixed,0.0,496.94086,0
CEN,2025,pv_central_track_azimuth,0.0,496.94086,0
CEN,2025,pv_decentral,0.0,0.51601,0
CEN,2025,wind_offshore_floating,0.0,6.4615100000000005,0
CEN,2025,wind_offshore_foundation,0.0,2.03837,0
CEN,2025,wind_onshore,0.0,16.594099999999997,0
CEN,2030,BIO,0.0,100.0,0
CEN,2030,Battery,0.0,50.0,0
CEN,2030,CCGT,0.0,100.0,0
CEN,2030,COAL,0.0,100.0,0
CEN,2030,DIE,0.0,100.0,0
CEN,2030,Electrolyser,0.0,100.0,0
CEN,2030,GT,0.0,100.0,0
CEN,2030,H2_CCGT,0.0,100.0,0
CEN,2030,H2_FC,0.0,100.0,0
CEN,2030,Hydro,0.0,inf,1
CEN,2030,OCGT,0.0,100.0,0
CEN,2030,pv_central_fixed,0.0,496.94086,0
CEN,2030,pv_central_track_azimuth,0.0,496.94086,0
CEN,2030,pv_decentral,0.0,0.51601,0
CEN,2030,wind_offshore_floating,0.0,6.4615100000000005,0
CEN,2030,wind_offshore_foundation,0.0,2.03837,0
CEN,2030,wind_onshore,0.0,16.594099999999997,0
CEN,2035,BIO,0.0,100.0,0
CEN,2035,CCGT,0.0,100.0,0
CEN,2035,COAL,0.0,100.0,0
CEN,2035,DIE,0.0,100.0,0
CEN,2035,Electrolyser,0.0,100.0,0
CEN,2035,GT,0.0,100.0,0
CEN,2035,H2_CCGT,0.0,100.0,0
CEN,2035,H2_FC,0.0,100.0,0
CEN,2035,H2_storage,0.0,50.0,0
CEN,2035,Hydro,0.0,inf,1
CEN,2035,OCGT,0.0,100.0,0
CEN,2035,pv_central_fixed,0.0,496.94086,0
CEN,2035,pv_central_track_azimuth,0.0,496.94086,0
CEN,2035,pv_decentral,0.0,0.51601,0
CEN,2035,wind_offshore_floating,0.0,6.4615100000000005,0
CEN,2035,wind_offshore_foundation,0.0,2.03837,0
CEN,2035,wind_onshore,0.0,16.594099999999997,0
CEN,2040,BIO,0.0,100.0,0
CEN,2040,Battery,0.0,50.0,0
CEN,2040,CCGT,0.0,100.0,0
CEN,2040,COAL,0.0,100.0,0
CEN,2040,DIE,0.0,100.0,0
CEN,2040,Electrolyser,0.0,100.0,0
CEN,2040,GT,0.0,100.0,0
CEN,2040,H2_CCGT,0.0,100.0,0
CEN,2040,H2_FC,0.0,100.0,0
CEN,2040,Hydro,0.0,inf,1
CEN,2040,OCGT,0.0,100.0,0
CEN,2040,pv_central_fixed,0.0,496.94086,0
CEN,2040,pv_central_track_azimuth,0.0,496.94086,0
CEN,2040,pv_decentral,0.0,0.51601,0
CEN,2040,wind_offshore_floating,0.0,6.4615100000000005,0
CEN,2040,wind_offshore_foundation,0.0,2.03837,0
CEN,2040,wind_onshore,0.0,16.594099999999997,0
CEN,2045,BIO,0.0,100.0,0
CEN,2045,CCGT,0.0,100.0,0
CEN,2045,COAL,0.0,100.0,0
CEN,2045,DIE,0.0,100.0,0
CEN,2045,Electrolyser,0.0,100.0,0
CEN,2045,GT,0.0,100.0,0
CEN,2045,H2_CCGT,0.0,100.0,0
CEN,2045,H2_FC,0.0,100.0,0
CEN,2045,Hydro,0.0,inf,1
CEN,2045,OCGT,0.0,100.0,0
CEN,2045,pv_central_fixed,0.0,496.94086,0
CEN,2045,pv_central_track_azimuth,0.0,496.94086,0
CEN,2045,pv_decentral,0.0,0.51601,0
CEN,2045,wind_offshore_floating,0.0,6.4615100000000005,0
CEN,2045,wind_offshore_foundation,0.0,2.03837,0
CEN,2045,wind_onshore,0.0,16.594099999999997,0
CEN,2050,BIO,0.0,100.0,0
CEN,2050,Battery,0.0,50.0,0
CEN,2050,CCGT,0.0,100.0,0
CEN,2050,COAL,0.0,100.0,0
CEN,2050,DIE,0.0,100.0,0
CEN,2050,Electrolyser,0.0,100.0,0
CEN,2050,GT,0.0,100.0,0
CEN,2050,H2_CCGT,0.0,100.0,0
CEN,2050,H2_FC,0.0,100.0,0
CEN,2050,H2_storage,0.0,50.0,0
CEN,2050,Hydro,0.0,inf,1
CEN,2050,OCGT,0.0,100.0,0
CEN,2050,pv_central_fixed,0.0,496.94086,0
CEN,2050,pv_central_track_azimuth,0.0,496.94086,0
CEN,2050,pv_decentral,0.0,0.51601,0
CEN,2050,wind_offshore_floating,0.0,6.4615100000000005,0
CEN,2050,wind_offshore_foundation,0.0,2.03837,0
CEN,2050,wind_onshore,0.0,16.594099999999997,0
HBY,2000,Hydro,0.1422,inf,1
HBY,2004,DIE,0.155,inf,0
HBY,2005,BIO,0.0128,inf,0
HBY,2020,BIO,0.0,100.0,1
HBY,2020,Battery,0.0,50.0,0
HBY,2020,CCGT,0.0,100.0,1
HBY,2020,COAL,0.0,100.0,1
HBY,2020,DIE,0.0,100.0,1
HBY,2020,Electrolyser,0.0,100.0,0
HBY,2020,GT,0.0,100.0,1
HBY,2020,H2_CCGT,0.0,100.0,0
HBY,2020,H2_FC,0.0,100.0,0
HBY,2020,H2_storage,0.0,50.0,0
HBY,2020,Hydro,0.0,inf,1
HBY,2020,OCGT,0.0,100.0,1
HBY,2020,pv_central_fixed,0.0,259.19598,1
HBY,2020,pv_central_track_azimuth,0.0,259.19598,1
HBY,2020,pv_decentral,0.0,0.26427,1
HBY,2020,wind_offshore_floating,0.0,15.6443,1
HBY,2020,wind_offshore_foundation,0.0,5.5832,1
HBY,2020,wind_onshore,0.0,10.3033,1
HBY,2025,BIO,0.0,100.0,0
HBY,2025,CCGT,0.0,100.0,0
HBY,2025,COAL,0.0,100.0,0
HBY,2025,DIE,0.0,100.0,0
HBY,2025,Electrolyser,0.0,100.0,0
HBY,2025,GT,0.0,100.0,0
HBY,2025,H2_CCGT,0.0,100.0,0
HBY,2025,H2_FC,0.0,100.0,0
HBY,2025,Hydro,0.0,inf,1
HBY,2025,OCGT,0.0,100.0,0
HBY,2025,pv_central_fixed,0.0,259.19598,0
HBY,2025,pv_central_track_azimuth,0.0,259.19598,0
HBY,2025,pv_decentral,0.0,0.26427,0
HBY,2025,wind_offshore_floating,0.0,15.6443,0
HBY,2025,wind_offshore_foundation,0.0,5.5832,0
HBY,2025,wind_onshore,0.0,10.3033,0
HBY,2030,BIO,0.0,100.0,0
HBY,2030,Battery,0.0,50.0,0
HBY,2030,CCGT,0.0,100.0,0
HBY,2030,COAL,0.0,100.0,0
HBY,2030,DIE,0.0,100.0,0
HBY,2030,Electrolyser,0.0,100.0,0
HBY,2030,GT,0.0,100.0,0
HBY,2030,H2_CCGT,0.0,100.0,0
HBY,2030,H2_FC,0.0,100.0,0
HBY,2030,Hydro,0.0,inf,1
HBY,2030,OCGT,0.0,100.0,0
HBY,2030,pv_central_fixed,0.0,259.19598,0
HBY,2030,pv_central_track_azimuth,0.0,259.19598,0
HBY,2030,pv_decentral,0.0,0.26427,0
HBY,2030,wind_offshore_floating,0.0,15.6443,0
HBY,2030,wind_offshore_foundation,0.0,5.5832,0
HBY,2030,wind_onshore,0.0,10.3033,0
HBY,2035,BIO,0.0,100.0,0
HBY,2035,CCGT,0.0,100.0,0
HBY,2035,COAL,0.0,100.0,0
HBY,2035,DIE,0.0,100.0,0
HBY,2035,Electrolyser,0.0,100.0,0
HBY,2035,GT,0.0,100.0,0
HBY,2035,H2_CCGT,0.0,100.0,0
HBY,2035,H2_FC,0.0,100.0,0
HBY,2035,H2_storage,0.0,50.0,0
HBY,2035,Hydro,0.0,inf,1
HBY,2035,OCGT,0.0,100.0,0
HBY,2035,pv_central_fixed,0.0,259.19598,0
HBY,2035,pv_central_track_azimuth,0.0,259.19598,0
HBY,2035,pv_decentral,0.0,0.26427,0
HBY,2035,wind_offshore_floating,0.0,15.6443,0
HBY,2035,wind_offshore_foundation,0.0,5.5832,0
HBY,2035,wind_onshore,0.0,10.3033,0
HBY,2040,BIO,0.0,100.0,0
HBY,2040,Battery,0.0,50.0,0
HBY,2040,CCGT,0.0,100.0,0
HBY,2040,COAL,0.0,100.0,0
HBY,2040,DIE,0.0,100.0,0
HBY,2040,Electrolyser,0.0,100.0,0
HBY,2040,GT,0.0,100.0,0
HBY,2040,H2_CCGT,0.0,100.0,0
HBY,2040,H2_FC,0.0,100.0,0
HBY,2040,Hydro,0.0,inf,1
HBY,2040,OCGT,0.0,100.0,0
HBY,2040,pv_central_fixed,0.0,259.19598,0
HBY,2040,pv_central_track_azimuth,0.0,259.19598,0
HBY,2040,pv_decentral,0.0,0.26427,0
HBY,2040,wind_offshore_floating,0.0,15.6443,0
HBY,2040,wind_offshore_foundation,0.0,5.5832,0
HBY,2040,wind_onshore,0.0,10.3033,0
HBY,2045,BIO,0.0,100.0,0
HBY,2045,CCGT,0.0,100.0,0
HBY,2045,COAL,0.0,100.0,0
HBY,2045,DIE,0.0,100.0,0
HBY,2045,Electrolyser,0.0,100.0,0
HBY,2045,GT,0.0,100.0,0
HBY,2045,H2_CCGT,0.0,100.0,0
HBY,2045,H2_FC,0.0,100.0,0
HBY,2045,Hydro,0.0,inf,1
HBY,2045,OCGT,0.0,100.0,0
HBY,2045,pv_central_fixed,0.0,259.19598,0
HBY,2045,pv_central_track_azimuth,0.0,259.19598,0
HBY,2045,pv_decentral,0.0,0.26427,0
HBY,2045,wind_offshore_floating,0.0,15.6443,0
HBY,2045,wind_offshore_foundation,0.0,5.5832,0
HBY,2045,wind_onshore,0.0,10.3033,0
HBY,2050,BIO,0.0,100.0,0
HBY,2050,Battery,0.0,50.0,0
HBY,2050,CCGT,0.0,100.0,0
HBY,2050,COAL,0.0,100.0,0
HBY,2050,DIE,0.0,100.0,0
HBY,2050,Electrolyser,0.0,100.0,0
HBY,2050,GT,0.0,100.0,0
HBY,2050,H2_CCGT,0.0,100.0,0
HBY,2050,H2_FC,0.0,100.0,0
HBY,2050,H2_storage,0.0,50.0,0
HBY,2050,Hydro,0.0,inf,1
HBY,2050,OCGT,0.0,100.0,0
HBY,2050,pv_central_fixed,0.0,259.19598,0
HBY,2050,pv_central_track_azimuth,0.0,259.19598,0
HBY,2050,pv_decentral,0.0,0.26427,0
HBY,2050,wind_offshore_floating,0.0,15.6443,0
HBY,2050,wind_offshore_foundation,0.0,5.5832,0
HBY,2050,wind_onshore,0.0,10.3033,0
NEL,2000,Hydro,0.0453,inf,1
NEL,2010,wind_onshore,0.00075,inf,0
NEL,2011,wind_onshore,0.001,inf,0
NEL,2014,wind_onshore,0.00066,inf,0
NEL,2020,BIO,0.0,100.0,1
NEL,2020,Battery,0.0,50.0,0
NEL,2020,CCGT,0.0,100.0,1
NEL,2020,COAL,0.0,100.0,1
NEL,2020,DIE,0.0,100.0,1
NEL,2020,Electrolyser,0.0,100.0,0
NEL,2020,GT,0.0,100.0,1
NEL,2020,H2_CCGT,0.0,100.0,0
NEL,2020,H2_FC,0.0,100.0,0
NEL,2020,H2_storage,0.0,50.0,0
NEL,2020,Hydro,0.0,inf,1
NEL,2020,OCGT,0.0,100.0,1
NEL,2020,pv_central_fixed,0.0,476.71375,1
NEL,2020,pv_central_track_azimuth,0.0,476.36665000000005,1
NEL,2020,pv_decentral,0.0,0.32797000000000004,1
NEL,2020,wind_offshore_floating,0.0,92.84245,1
NEL,2020,wind_offshore_foundation,0.0,13.34661,1
NEL,2020,wind_onshore,0.0,14.757959999999999,1
NEL,2025,BIO,0.0,100.0,0
NEL,2025,CCGT,0.0,100.0,0
NEL,2025,COAL,0.0,100.0,0
NEL,2025,DIE,0.0,100.0,0
NEL,2025,Electrolyser,0.0,100.0,0
NEL,2025,GT,0.0,100.0,0
NEL,2025,H2_CCGT,0.0,100.0,0
NEL,2025,H2_FC,0.0,100.0,0
NEL,2025,Hydro,0.0,inf,1
NEL,2025,OCGT,0.0,100.0,0
NEL,2025,pv_central_fixed,0.0,476.71375,0
NEL,2025,pv_central_track_azimuth,0.0,476.36665000000005,0
NEL,2025,pv_decentral,0.0,0.32797000000000004,0
NEL,2025,wind_offshore_floating,0.0,92.84245,0
NEL,2025,wind_offshore_foundation,0.0,13.34661,0
NEL,2025,wind_onshore,0.0,14.757959999999999,0
NEL,2030,BIO,0.0,100.0,0
NEL,2030,Battery,0.0,50.0,0
NEL,2030,CCGT,0.0,100.0,0
NEL,2030,COAL,0.0,100.0,0
NEL,2030,DIE,0.0,100.0,0
NEL,2030,Electrolyser,0.0,100.0,0
NEL,2030,GT,0.0,100.0,0
NEL,2030,H2_CCGT,0.0,100.0,0
NEL,2030,H2_FC,0.0,100.0,0
NEL,2030,Hydro,0.0,inf,1
NEL,2030,OCGT,0.0,100.0,0
NEL,2030,pv_central_fixed,0.0,476.71375,0
NEL,2030,pv_central_track_azimuth,0.0,476.36665000000005,0
NEL,2030,pv_decentral,0.0,0.32797000000000004,0
NEL,2030,wind_offshore_floating,0.0,92.84245,0
NEL,2030,wind_offshore_foundation,0.0,13.34661,0
NEL,2030,wind_onshore,0.0,14.757959999999999,0
NEL,2035,BIO,0.0,100.0,0
NEL,2035,CCGT,0.0,100.0,0
NEL,2035,COAL,0.0,100.0,0
NEL,2035,DIE,0.0,100.0,0
NEL,2035,Electrolyser,0.0,100.0,0
NEL,2035,GT,0.0,100.0,0
NEL,2035,H2_CCGT,0.0,100.0,0
NEL,2035,H2_FC,0.0,100.0,0
NEL,2035,H2_storage,0.0,50.0,0
NEL,2035,Hydro,0.0,inf,1
NEL,2035,OCGT,0.0,100.0,0
NEL,2035,pv_central_fixed,0.0,476.71375,0
NEL,2035,pv_central_track_azimuth,0.0,476.36665000000005,0
NEL,2035,pv_decentral,0.0,0.32797000000000004,0
NEL,2035,wind_offshore_floating,0.0,92.84245,0
NEL,2035,wind_offshore_foundation,0.0,13.34661,0
NEL,2035,wind_onshore,0.0,14.757959999999999,0
NEL,2040,BIO,0.0,100.0,0
NEL,2040,Battery,0.0,50.0,0
NEL,2040,CCGT,0.0,100.0,0
NEL,2040,COAL,0.0,100.0,0
NEL,2040,DIE,0.0,100.0,0
NEL,2040,Electrolyser,0.0,100.0,0
NEL,2040,GT,0.0,100.0,0
NEL,2040,H2_CCGT,0.0,100.0,0
NEL,2040,H2_FC,0.0,100.0,0
NEL,2040,Hydro,0.0,inf,1
NEL,2040,OCGT,0.0,100.0,0
NEL,2040,pv_central_fixed,0.0,476.71375,0
NEL,2040,pv_central_track_azimuth,0.0,476.36665000000005,0
NEL,2040,pv_decentral,0.0,0.32797000000000004,0
NEL,2040,wind_offshore_floating,0.0,92.84245,0
NEL,2040,wind_offshore_foundation,0.0,13.34661,0
NEL,2040,wind_onshore,0.0,14.757959999999999,0
NEL,2045,BIO,0.0,100.0,0
NEL,2045,CCGT,0.0,100.0,0
NEL,2045,COAL,0.0,100.0,0
NEL,2045,DIE,0.0,100.0,0
NEL,2045,Electrolyser,0.0,100.0,0
NEL,2045,GT,0.0,100.0,0
NEL,2045,H2_CCGT,0.0,100.0,0
NEL,2045,H2_FC,0.0,100.0,0
NEL,2045,Hydro,0.0,inf,1
NEL,2045,OCGT,0.0,100.0,0
NEL,2045,pv_central_fixed,0.0,476.71375,0
NEL,2045,pv_central_track_azimuth,0.0,476.36665000000005,0
NEL,2045,pv_decentral,0.0,0.32797000000000004,0
NEL,2045,wind_offshore_floating,0.0,92.84245,0
NEL,2045,wind_offshore_foundation,0.0,13.34661,0
NEL,2045,wind_onshore,0.0,14.757959999999999,0
NEL,2050,BIO,0.0,100.0,0
NEL,2050,Battery,0.0,50.0,0
NEL,2050,CCGT,0.0,100.0,0
NEL,2050,COAL,0.0,100.0,0
NEL,2050,DIE,0.0,100.0,0
NEL,2050,Electrolyser,0.0,100.0,0
NEL,2050,GT,0.0,100.0,0
NEL,2050,H2_CCGT,0.0,100.0,0
NEL,2050,H2_FC,0.0,100.0,0
NEL,2050,H2_storage,0.0,50.0,0
NEL,2050,Hydro,0.0,inf,1
NEL,2050,OCGT,0.0,100.0,0
NEL,2050,pv_central_fixed,0.0,476.71375,0
NEL,2050,pv_central_track_azimuth,0.0,476.36665000000005,0
NEL,2050,pv_decentral,0.0,0.32797000000000004,0
NEL,2050,wind_offshore_floating,0.0,92.84245,0
NEL,2050,wind_offshore_foundation,0.0,13.34661,0
NEL,2050,wind_onshore,0.0,14.757959999999999,0
NIS,1992,BIO,0.0028,inf,0
NIS,1998,geoth,0.025,0.0,0
NIS,2011,DIE,0.018,inf,0
NIS,2020,BIO,0.0,100.0,1
NIS,2020,Battery,0.0,50.0,0
NIS,2020,CCGT,0.0,100.0,1
NIS,2020,COAL,0.0,100.0,1
NIS,2020,DIE,0.0,100.0,1
NIS,2020,Electrolyser,0.0,100.0,0
NIS,2020,GT,0.0,100.0,1
NIS,2020,H2_CCGT,0.0,100.0,0
NIS,2020,H2_FC,0.0,100.0,0
NIS,2020,H2_storage,0.0,50.0,0
NIS,2020,OCGT,0.0,100.0,1
NIS,2020,geoth,0.0,100.0,1
NIS,2020,pv_central_fixed,0.0,240.13779,1
NIS,2020,pv_central_track_azimuth,0.0,240.13779,1
NIS,2020,pv_decentral,0.0,0.21621,1
NIS,2020,wind_offshore_floating,0.0,46.9103,1
NIS,2020,wind_offshore_foundation,0.0,4.8413,1
NIS,2020,wind_onshore,0.0,9.92282,1
NIS,2025,BIO,0.0,100.0,0
NIS,2025,CCGT,0.0,100.0,0
NIS,2025,COAL,0.0,100.0,0
NIS,2025,DIE,0.0,100.0,0
NIS,2025,Electrolyser,0.0,100.0,0
NIS,2025,GT,0.0,100.0,0
NIS,2025,H2_CCGT,0.0,100.0,0
NIS,2025,H2_FC,0.0,100.0,0
NIS,2025,OCGT,0.0,100.0,0
NIS,2025,geoth,0.0,100.0,1
NIS,2025,pv_central_fixed,0.0,240.13779,0
NIS,2025,pv_central_track_azimuth,0.0,240.13779,0
NIS,2025,pv_decentral,0.0,0.21621,0
NIS,2025,wind_offshore_floating,0.0,46.9103,0
NIS,2025,wind_offshore_foundation,0.0,4.8413,0
NIS,2025,wind_onshore,0.0,9.92282,0
NIS,2030,BIO,0.0,100.0,0
NIS,2030,Battery,0.0,50.0,0
NIS,2030,CCGT,0.0,100.0,0
NIS,2030,COAL,0.0,100.0,0
NIS,2030,DIE,0.0,100.0,0
NIS,2030,Electrolyser,0.0,100.0,0
NIS,2030,GT,0.0,100.0,0
NIS,2030,H2_CCGT,0.0,100.0,0
NIS,2030,H2_FC,0.0,100.0,0
NIS,2030,OCGT,0.0,100.0,0
NIS,2030,geoth,0.0,100.0,1
NIS,2030,pv_central_fixed,0.0,240.13779,0
NIS,2030,pv_central_track_azimuth,0.0,240.13779,0
NIS,2030,pv_decentral,0.0,0.21621,0
NIS,2030,wind_offshore_floating,0.0,46.9103,0
NIS,2030,wind_offshore_foundation,0.0,4.8413,0
NIS,2030,wind_onshore,0.0,9.92282,0
NIS,2035,BIO,0.0,100.0,0
NIS,2035,CCGT,0.0,100.0,0
NIS,2035,COAL,0.0,100.0,0
NIS,2035,DIE,0.0,100.0,0
NIS,2035,Electrolyser,0.0,100.0,0
NIS,2035,GT,0.0,100.0,0
NIS,2035,H2_CCGT,0.0,100.0,0
NIS,2035,H2_FC,0.0,100.0,0
NIS,2035,H2_storage,0.0,50.0,0
NIS,2035,OCGT,0.0,100.0,0
NIS,2035,geoth,0.0,100.0,1
NIS,2035,pv_central_fixed,0.0,240.13779,0
NIS,2035,pv_central_track_azimuth,0.0,240.13779,0
NIS,2035,pv_decentral,0.0,0.21621,0
NIS,2035,wind_offshore_floating,0.0,46.9103,0
NIS,2035,wind_offshore_foundation,0.0,4.8413,0
NIS,2035,wind_onshore,0.0,9.92282,0
NIS,2040,BIO,0.0,100.0,0
NIS,2040,Battery,0.0,50.0,0
NIS,2040,CCGT,0.0,100.0,0
NIS,2040,COAL,0.0,100.0,0
NIS,2040,DIE,0.0,100.0,0
NIS,2040,Electrolyser,0.0,100.0,0
NIS,2040,GT,0.0,100.0,0
NIS,2040,H2_CCGT,0.0,100.0,0
NIS,2040,H2_FC,0.0,100.0,0
NIS,2040,OCGT,0.0,100.0,0
NIS,2040,geoth,0.0,100.0,1
NIS,2040,pv_central_fixed,0.0,240.13779,0
NIS,2040,pv_central_track_azimuth,0.0,240.13779,0
NIS,2040,pv_decentral,0.0,0.21621,0
NIS,2040,wind_offshore_floating,0.0,46.9103,0
NIS,2040,wind_offshore_foundation,0.0,4.8413,0
NIS,2040,wind_onshore,0.0,9.92282,0
NIS,2045,BIO,0.0,100.0,0
NIS,2045,CCGT,0.0,100.0,0
NIS,2045,COAL,0.0,100.0,0
NIS,2045,DIE,0.0,100.0,0
NIS,2045,Electrolyser,0.0,100.0,0
NIS,2045,GT,0.0,100.0,0
NIS,2045,H2_CCGT,0.0,100.0,0
NIS,2045,H2_FC,0.0,100.0,0
NIS,2045,OCGT,0.0,100.0,0
NIS,2045,geoth,0.0,100.0,1
NIS,2045,pv_central_fixed,0.0,240.13779,0
NIS,2045,pv_central_track_azimuth,0.0,240.13779,0
NIS,2045,pv_decentral,0.0,0.21621,0
NIS,2045,wind_offshore_floating,0.0,46.9103,0
NIS,2045,wind_offshore_foundation,0.0,4.8413,0
NIS,2045,wind_onshore,0.0,9.92282,0
NIS,2050,BIO,0.0,100.0,0
NIS,2050,Battery,0.0,50.0,0
NIS,2050,CCGT,0.0,100.0,0
NIS,2050,COAL,0.0,100.0,0
NIS,2050,DIE,0.0,100.0,0
NIS,2050,Electrolyser,0.0,100.0,0
NIS,2050,GT,0.0,100.0,0
NIS,2050,H2_CCGT,0.0,100.0,0
NIS,2050,H2_FC,0.0,100.0,0
NIS,2050,H2_storage,0.0,50.0,0
NIS,2050,OCGT,0.0,100.0,0
NIS,2050,geoth,0.0,100.0,1
NIS,2050,pv_central_fixed,0.0,240.13779,0
NIS,2050,pv_central_track_azimuth,0.0,240.13779,0
NIS,2050,pv_decentral,0.0,0.21621,0
NIS,2050,wind_offshore_floating,0.0,46.9103,0
NIS,2050,wind_offshore_foundation,0.0,4.8413,0
NIS,2050,wind_onshore,0.0,9.92282,0
OTG,2000,BIO,0.0014,inf,0
OTG,2000,Hydro,1.664,inf,1
OTG,2007,wind_onshore,0.058,inf,0
OTG,2009,wind_onshore,0.00225,inf,0
OTG,2010,wind_onshore,0.00045,inf,0
OTG,2011,wind_onshore,0.04365,inf,0
OTG,2015,wind_onshore,0.0068,inf,0
OTG,2020,BIO,0.0,100.0,1
OTG,2020,Battery,0.0,50.0,0
OTG,2020,CCGT,0.0,100.0,1
OTG,2020,COAL,0.0,100.0,1
OTG,2020,DIE,0.0,100.0,1
OTG,2020,Electrolyser,0.0,100.0,0
OTG,2020,GT,0.0,100.0,1
OTG,2020,H2_CCGT,0.0,100.0,0
OTG,2020,H2_FC,0.0,100.0,0
OTG,2020,H2_storage,0.0,50.0,0
OTG,2020,Hydro,0.0,inf,1
OTG,2020,OCGT,0.0,100.0,1
OTG,2020,pv_central_fixed,0.0,1165.37525,1
OTG,2020,pv_central_track_azimuth,0.0,1152.8751499999998,1
OTG,2020,pv_decentral,0.0,0.48821,1
OTG,2020,wind_offshore_floating,0.0,156.56917,1
OTG,2020,wind_offshore_foundation,0.0,9.93186,1
OTG,2020,wind_onshore,0.0,34.969080000000005,1
OTG,2025,BIO,0.0,100.0,0
OTG,2025,CCGT,0.0,100.0,0
OTG,2025,COAL,0.0,100.0,0
OTG,2025,DIE,0.0,100.0,0
OTG,2025,Electrolyser,0.0,100.0,0
OTG,2025,GT,0.0,100.0,0
OTG,2025,H2_CCGT,0.0,100.0,0
OTG,2025,H2_FC,0.0,100.0,0
OTG,2025,Hydro,0.0,inf,1
OTG,2025,OCGT,0.0,100.0,0
OTG,2025,pv_central_fixed,0.0,1165.37525,0
OTG,2025,pv_central_track_azimuth,0.0,1152.8751499999998,0
OTG,2025,pv_decentral,0.0,0.48821,0
OTG,2025,wind_offshore_floating,0.0,156.56917,0
OTG,2025,wind_offshore_foundation,0.0,9.93186,0
OTG,2025,wind_onshore,0.0,34.969080000000005,0
OTG,2030,BIO,0.0,100.0,0
OTG,2030,Battery,0.0,50.0,0
OTG,2030,CCGT,0.0,100.0,0
OTG,2030,COAL,0.0,100.0,0
OTG,2030,DIE,0.0,100.0,0
OTG,2030,Electrolyser,0.0,100.0,0
OTG,2030,GT,0.0,100.0,0
OTG,2030,H2_CCGT,0.0,100.0,0
OTG,2030,H2_FC,0.0,100.0,0
OTG,2030,Hydro,0.0,inf,1
OTG,2030,OCGT,0.0,100.0,0
OTG,2030,pv_central_fixed,0.0,1165.37525,0
OTG,2030,pv_central_track_azimuth,0.0,1152.8751499999998,0
OTG,2030,pv_decentral,0.0,0.48821,0
OTG,2030,wind_offshore_floating,0.0,156.56917,0
OTG,2030,wind_offshore_foundation,0.0,9.93186,0
OTG,2030,wind_onshore,0.0,34.969080000000005,0
OTG,2035,BIO,0.0,100.0,0
OTG,2035,CCGT,0.0,100.0,0
OTG,2035,COAL,0.0,100.0,0
OTG,2035,DIE,0.0,100.0,0
OTG,2035,Electrolyser,0.0,100.0,0
OTG,2035,GT,0.0,100.0,0
OTG,2035,H2_CCGT,0.0,100.0,0
OTG,2035,H2_FC,0.0,100.0,0
OTG,2035,H2_storage,0.0,50.0,0
OTG,2035,Hydro,0.0,inf,1
OTG,2035,OCGT,0.0,100.0,0
OTG,2035,pv_central_fixed,0.0,1165.37525,0
OTG,2035,pv_central_track_azimuth,0.0,1152.8751499999998,0
OTG,2035,pv_decentral,0.0,0.48821,0
OTG,2035,wind_offshore_floating,0.0,156.56917,0
OTG,2035,wind_offshore_foundation,0.0,9.93186,0
OTG,2035,wind_onshore,0.0,34.969080000000005,0
OTG,2040,BIO,0.0,100.0,0
OTG,2040,Battery,0.0,50.0,0
OTG,2040,CCGT,0.0,100.0,0
OTG,2040,COAL,0.0,100.0,0
OTG,2040,DIE,0.0,100.0,0
OTG,2040,Electrolyser,0.0,100.0,0
OTG,2040,GT,0.0,100.0,0
OTG,2040,H2_CCGT,0.0,100.0,0
OTG,2040,H2_FC,0.0,100.0,0
OTG,2040,Hydro,0.0,inf,1
OTG,2040,OCGT,0.0,100.0,0
OTG,2040,pv_central_fixed,0.0,1165.37525,0
OTG,2040,pv_central_track_azimuth,0.0,1152.8751499999998,0
OTG,2040,pv_decentral,0.0,0.48821,0
OTG,2040,wind_offshore_floating,0.0,156.56917,0
OTG,2040,wind_offshore_foundation,0.0,9.93186,0
OTG,2040,wind_onshore,0.0,34.969080000000005,0
OTG,2045,BIO,0.0,100.0,0
OTG,2045,CCGT,0.0,100.0,0
OTG,2045,COAL,0.0,100.0,0
OTG,2045,DIE,0.0,100.0,0
OTG,2045,Electrolyser,0.0,100.0,0
OTG,2045,GT,0.0,100.0,0
OTG,2045,H2_CCGT,0.0,100.0,0
OTG,2045,H2_FC,0.0,100.0,0
OTG,2045,Hydro,0.0,inf,1
OTG,2045,OCGT,0.0,100.0,0
OTG,2045,pv_central_fixed,0.0,1165.37525,0
OTG,2045,pv_central_track_azimuth,0.0,1152.8751499999998,0
OTG,2045,pv_decentral,0.0,0.48821,0
OTG,2045,wind_offshore_floating,0.0,156.56917,0
OTG,2045,wind_offshore_foundation,0.0,9.93186,0
OTG,2045,wind_onshore,0.0,34.969080000000005,0
OTG,2050,BIO,0.0,100.0,0
OTG,2050,Battery,0.0,50.0,0
OTG,2050,CCGT,0.0,100.0,0
OTG,2050,COAL,0.0,100.0,0
OTG,2050,DIE,0.0,100.0,0
OTG,2050,Electrolyser,0.0,100.0,0
OTG,2050,GT,0.0,100.0,0
OTG,2050,H2_CCGT,0.0,100.0,0
OTG,2050,H2_FC,0.0,100.0,0
OTG,2050,H2_storage,0.0,50.0,0
OTG,2050,Hydro,0.0,inf,1
OTG,2050,OCGT,0.0,100.0,0
OTG,2050,pv_central_fixed,0.0,1165.37525,0
OTG,2050,pv_central_track_azimuth,0.0,1152.8751499999998,0
OTG,2050,pv_decentral,0.0,0.48821,0
OTG,2050,wind_offshore_floating,0.0,156.56917,0
OTG,2050,wind_offshore_foundation,0.0,9.93186,0
OTG,2050,wind_onshore,0.0,34.969080000000005,0
TRN,1996,GT,0.0696,inf,0
TRN,1998,CCGT,0.377,inf,0
TRN,1998,OCGT,0.025,inf,0
TRN,2008,GT,0.009,inf,0
TRN,2010,OCGT,0.21,inf,0
TRN,2013,OCGT,0.1,inf,0
TRN,2020,BIO,0.0,100.0,1
TRN,2020,Battery,0.0,50.0,0
TRN,2020,CCGT,0.0,100.0,1
TRN,2020,COAL,0.0,100.0,1
TRN,2020,DIE,0.0,100.0,1
TRN,2020,Electrolyser,0.0,100.0,0
TRN,2020,GT,0.0,100.0,1
TRN,2020,H2_CCGT,0.0,100.0,0
TRN,2020,H2_FC,0.0,100.0,0
TRN,2020,H2_storage,0.0,50.0,0
TRN,2020,OCGT,0.1,100.0,1
TRN,2020,pv_central_fixed,0.0,155.54731,1
TRN,2020,pv_central_track_azimuth,0.0,155.54731,1
TRN,2020,pv_decentral,0.0,0.26493,1
TRN,2020,wind_offshore_floating,0.0,70.73452999999999,1
TRN,2020,wind_offshore_foundation,0.0,8.922930000000001,1
TRN,2020,wind_onshore,0.1333,6.6179499999999996,1
TRN,2025,BIO,0.0,100.0,0
TRN,2025,CCGT,0.0,100.0,0
TRN,2025,COAL,0.0,100.0,0
TRN,2025,DIE,0.0,100.0,0
TRN,2025,Electrolyser,0.0,100.0,0
TRN,2025,GT,0.0,100.0,0
TRN,2025,H2_CCGT,0.0,100.0,0
TRN,2025,H2_FC,0.0,100.0,0
TRN,2025,OCGT,0.0,100.0,0
TRN,2025,pv_central_fixed,0.0,155.54731,0
TRN,2025,pv_central_track_azimuth,0.0,155.54731,0
TRN,2025,pv_decentral,0.0,0.26493,0
TRN,2025,wind_offshore_floating,0.0,70.73452999999999,0
TRN,2025,wind_offshore_foundation,0.0,8.922930000000001,0
TRN,2025,wind_onshore,0.0,6.6179499999999996,0
TRN,2030,BIO,0.0,100.0,0
TRN,2030,Battery,0.0,50.0,0
TRN,2030,CCGT,0.0,100.0,0
TRN,2030,COAL,0.0,100.0,0
TRN,2030,DIE,0.0,100.0,0
TRN,2030,Electrolyser,0.0,100.0,0
TRN,2030,GT,0.0,100.0,0
TRN,2030,H2_CCGT,0.0,100.0,0
TRN,2030,H2_FC,0.0,100.0,0
TRN,2030,OCGT,0.0,100.0,0
TRN,2030,pv_central_fixed,0.0,155.54731,0
TRN,2030,pv_central_track_azimuth,0.0,155.54731,0
TRN,2030,pv_decentral,0.0,0.26493,0
TRN,2030,wind_offshore_floating,0.0,70.73452999999999,0
TRN,2030,wind_offshore_foundation,0.0,8.922930000000001,0
TRN,2030,wind_onshore,0.0,6.6179499999999996,0
TRN,2035,BIO,0.0,100.0,0
TRN,2035,CCGT,0.0,100.0,0
TRN,2035,COAL,0.0,100.0,0
TRN,2035,DIE,0.0,100.0,0
TRN,2035,Electrolyser,0.0,100.0,0
TRN,2035,GT,0.0,100.0,0
TRN,2035,H2_CCGT,0.0,100.0,0
TRN,2035,H2_FC,0.0,100.0,0
TRN,2035,H2_storage,0.0,50.0,0
TRN,2035,OCGT,0.0,100.0,0
TRN,2035,pv_central_fixed,0.0,155.54731,0
TRN,2035,pv_central_track_azimuth,0.0,155.54731,0
TRN,2035,pv_decentral,0.0,0.26493,0
TRN,2035,wind_offshore_floating,0.0,70.73452999999999,0
TRN,2035,wind_offshore_foundation,0.0,8.922930000000001,0
TRN,2035,wind_onshore,0.0,6.6179499999999996,0
TRN,2040,BIO,0.0,100.0,0
TRN,2040,Battery,0.0,50.0,0
TRN,2040,CCGT,0.0,100.0,0
TRN,2040,COAL,0.0,100.0,0
TRN,2040,DIE,0.0,100.0,0
TRN,2040,Electrolyser,0.0,100.0,0
TRN,2040,GT,0.0,100.0,0
TRN,2040,H2_CCGT,0.0,100.0,0
TRN,2040,H2_FC,0.0,100.0,0
TRN,2040,OCGT,0.0,100.0,0
TRN,2040,pv_central_fixed,0.0,155.54731,0
TRN,2040,pv_central_track_azimuth,0.0,155.54731,0
TRN,2040,pv_decentral,0.0,0.26493,0
TRN,2040,wind_offshore_floating,0.0,70.73452999999999,0
TRN,2040,wind_offshore_foundation,0.0,8.922930000000001,0
TRN,2040,wind_onshore,0.0,6.6179499999999996,0
TRN,2045,BIO,0.0,100.0,0
TRN,2045,CCGT,0.0,100.0,0
TRN,2045,COAL,0.0,100.0,0
TRN,2045,DIE,0.0,100.0,0
TRN,2045,Electrolyser,0.0,100.0,0
TRN,2045,GT,0.0,100.0,0
TRN,2045,H2_CCGT,0.0,100.0,0
TRN,2045,H2_FC,0.0,100.0,0
TRN,2045,OCGT,0.0,100.0,0
TRN,2045,pv_central_fixed,0.0,155.54731,0
TRN,2045,pv_central_track_azimuth,0.0,155.54731,0
TRN,2045,pv_decentral,0.0,0.26493,0
TRN,2045,wind_offshore_floating,0.0,70.73452999999999,0
TRN,2045,wind_offshore_foundation,0.0,8.922930000000001,0
TRN,2045,wind_onshore,0.0,6.6179499999999996,0
TRN,2050,BIO,0.0,100.0,0
TRN,2050,Battery,0.0,50.0,0
TRN,2050,CCGT,0.0,100.0,0
TRN,2050,COAL,0.0,100.0,0
TRN,2050,DIE,0.0,100.0,0
TRN,2050,Electrolyser,0.0,100.0,0
TRN,2050,GT,0.0,100.0,0
TRN,2050,H2_CCGT,0.0,100.0,0
TRN,2050,H2_FC,0.0,100.0,0
TRN,2050,H2_storage,0.0,50.0,0
TRN,2050,OCGT,0.0,100.0,0
TRN,2050,pv_central_fixed,0.0,155.54731,0
TRN,2050,pv_central_track_azimuth,0.0,155.54731,0
TRN,2050,pv_decentral,0.0,0.26493,0
TRN,2050,wind_offshore_floating,0.0,70.73452999999999,0
TRN,2050,wind_offshore_foundation,0.0,8.922930000000001,0
TRN,2050,wind_onshore,0.0,6.6179499999999996,0
WEL,1981,GT,0.01,inf,0
WEL,1993,wind_onshore,0.00845,inf,0
WEL,1994,BIO,0.0027,inf,0
WEL,1996,wind_onshore,0.00845,inf,0
WEL,2009,wind_onshore,0.143,inf,0
WEL,2014,wind_onshore,0.0713,inf,0
WEL,2020,BIO,0.0,100.0,1
WEL,2020,Battery,0.0,50.0,0
WEL,2020,CCGT,0.0,100.0,1
WEL,2020,COAL,0.0,100.0,1
WEL,2020,DIE,0.0,100.0,1
WEL,2020,Electrolyser,0.0,100.0,0
WEL,2020,GT,0.0,100.0,1
WEL,2020,H2_CCGT,0.0,100.0,0
WEL,2020,H2_FC,0.0,100.0,0
WEL,2020,H2_storage,0.0,50.0,0
WEL,2020,OCGT,0.0,100.0,1
WEL,2020,pv_central_fixed,0.0,153.41646,1
WEL,2020,pv_central_track_azimuth,0.0,153.37588,1
WEL,2020,pv_decentral,0.0,0.73494,1
WEL,2020,wind_offshore_floating,0.0,14.853069999999999,1
WEL,2020,wind_offshore_foundation,0.0,0.6467200000000001,1
WEL,2020,wind_onshore,0.0,6.18409,1
WEL,2025,BIO,0.0,100.0,0
WEL,2025,CCGT,0.0,100.0,0
WEL,2025,COAL,0.0,100.0,0
WEL,2025,DIE,0.0,100.0,0
WEL,2025,Electrolyser,0.0,100.0,0
WEL,2025,GT,0.0,100.0,0
WEL,2025,H2_CCGT,0.0,100.0,0
WEL,2025,H2_FC,0.0,100.0,0
WEL,2025,OCGT,0.0,100.0,0
WEL,2025,pv_central_fixed,0.0,153.41646,0
WEL,2025,pv_central_track_azimuth,0.0,153.37588,0
WEL,2025,pv_decentral,0.0,0.73494,0
WEL,2025,wind_offshore_floating,0.0,14.853069999999999,0
WEL,2025,wind_offshore_foundation,0.0,0.6467200000000001,0
WEL,2025,wind_onshore,0.0,6.18409,0
WEL,2030,BIO,0.0,100.0,0
WEL,2030,Battery,0.0,50.0,0
WEL,2030,CCGT,0.0,100.0,0
WEL,2030,COAL,0.0,100.0,0
WEL,2030,DIE,0.0,100.0,0
WEL,2030,Electrolyser,0.0,100.0,0
WEL,2030,GT,0.0,100.0,0
WEL,2030,H2_CCGT,0.0,100.0,0
WEL,2030,H2_FC,0.0,100.0,0
WEL,2030,OCGT,0.0,100.0,0
WEL,2030,pv_central_fixed,0.0,153.41646,0
WEL,2030,pv_central_track_azimuth,0.0,153.37588,0
WEL,2030,pv_decentral,0.0,0.73494,0
WEL,2030,wind_offshore_floating,0.0,14.853069999999999,0
WEL,2030,wind_offshore_foundation,0.0,0.6467200000000001,0
WEL,2030,wind_onshore,0.0,6.18409,0
WEL,2035,BIO,0.0,100.0,0
WEL,2035,CCGT,0.0,100.0,0
WEL,2035,COAL,0.0,100.0,0
WEL,2035,DIE,0.0,100.0,0
WEL,2035,Electrolyser,0.0,100.0,0
WEL,2035,GT,0.0,100.0,0
WEL,2035,H2_CCGT,0.0,100.0,0
WEL,2035,H2_FC,0.0,100.0,0
WEL,2035,H2_storage,0.0,50.0,0
WEL,2035,OCGT,0.0,100.0,0
WEL,2035,pv_central_fixed,0.0,153.41646,0
WEL,2035,pv_central_track_azimuth,0.0,153.37588,0
WEL,2035,pv_decentral,0.0,0.73494,0
WEL,2035,wind_offshore_floating,0.0,14.853069999999999,0
WEL,2035,wind_offshore_foundation,0.0,0.6467200000000001,0
WEL,2035,wind_onshore,0.0,6.18409,0
WEL,2040,BIO,0.0,100.0,0
WEL,2040,Battery,0.0,50.0,0
WEL,2040,CCGT,0.0,100.0,0
WEL,2040,COAL,0.0,100.0,0
WEL,2040,DIE,0.0,100.0,0
WEL,2040,Electrolyser,0.0,100.0,0
WEL,2040,GT,0.0,100.0,0
WEL,2040,H2_CCGT,0.0,100.0,0
WEL,2040,H2_FC,0.0,100.0,0
WEL,2040,OCGT,0.0,100.0,0
WEL,2040,pv_central_fixed,0.0,153.41646,0
WEL,2040,pv_central_track_azimuth,0.0,153.37588,0
WEL,2040,pv_decentral,0.0,0.73494,0
WEL,2040,wind_offshore_floating,0.0,14.853069999999999,0
WEL,2040,wind_offshore_foundation,0.0,0.6467200000000001,0
WEL,2040,wind_onshore,0.0,6.18409,0
WEL,2045,BIO,0.0,100.0,0
WEL,2045,CCGT,0.0,100.0,0
WEL,2045,COAL,0.0,100.0,0
WEL,2045,DIE,0.0,100.0,0
WEL,2045,Electrolyser,0.0,100.0,0
WEL,2045,GT,0.0,100.0,0
WEL,2045,H2_CCGT,0.0,100.0,0
WEL,2045,H2_FC,0.0,100.0,0
WEL,2045,OCGT,0.0,100.0,0
WEL,2045,pv_central_fixed,0.0,153.41646,0
WEL,2045,pv_central_track_azimuth,0.0,153.37588,0
WEL,2045,pv_decentral,0.0,0.73494,0
WEL,2045,wind_offshore_floating,0.0,14.853069999999999,0
WEL,2045,wind_offshore_foundation,0.0,0.6467200000000001,0
WEL,2045,wind_onshore,0.0,6.18409,0
WEL,2050,BIO,0.0,100.0,0
WEL,2050,Battery,0.0,50.0,0
WEL,2050,CCGT,0.0,100.0,0
WEL,2050,COAL,0.0,100.0,0
WEL,2050,DIE,0.0,100.0,0
WEL,2050,Electrolyser,0.0,100.0,0
WEL,2050,GT,0.0,100.0,0
WEL,2050,H2_CCGT,0.0,100.0,0
WEL,2050,H2_FC,0.0,100.0,0
WEL,2050,H2_storage,0.0,50.0,0
WEL,2050,OCGT,0.0,100.0,0
WEL,2050,pv_central_fixed,0.0,153.41646,0
WEL,2050,pv_central_track_azimuth,0.0,153.37588,0
WEL,2050,pv_decentral,0.0,0.73494,0
WEL,2050,wind_offshore_floating,0.0,14.853069999999999,0
WEL,2050,wind_offshore_foundation,0.0,0.6467200000000001,0
WEL,2050,wind_onshore,0.0,6.18409,0
WTO,1958,geoth,0.163,0.0,0
WTO,1983,GT,0.75,inf,0
WTO,1989,geoth,0.05,0.0,0
WTO,1996,geoth,0.05,0.0,0
WTO,1997,geoth,0.035,0.0,0
WTO,1998,BIO,0.04,inf,0
WTO,1999,OCGT,0.044,inf,0
WTO,1999,geoth,0.112,0.0,0
WTO,2000,Hydro,1.0873,inf,1
WTO,2004,BIO,0.0009,inf,0
WTO,2004,OCGT,0.048,inf,0
WTO,2005,geoth,0.014,0.0,0
WTO,2007,CCGT,0.385,inf,0
WTO,2008,BIO,0.001,inf,0
WTO,2009,BIO,0.004,inf,0
WTO,2010,geoth,0.164,0.0,0
WTO,2011,wind_onshore,0.0644,inf,0
WTO,2013,geoth,0.082,0.0,0
WTO,2014,geoth,0.166,0.0,0
WTO,2020,BIO,0.0,100.0,1
WTO,2020,Battery,0.0,50.0,0
WTO,2020,CCGT,0.0,100.0,1
WTO,2020,COAL,0.0,100.0,1
WTO,2020,DIE,0.0,100.0,1
WTO,2020,Electrolyser,0.0,100.0,0
WTO,2020,GT,0.0,100.0,1
WTO,2020,H2_CCGT,0.0,100.0,0
WTO,2020,H2_FC,0.0,100.0,0
WTO,2020,H2_storage,0.0,50.0,0
WTO,2020,Hydro,0.0,inf,1
WTO,2020,OCGT,0.0,100.0,1
WTO,2020,geoth,0.0,100.0,1
WTO,2020,pv_central_fixed,0.0,386.80890999999997,1
WTO,2020,pv_central_track_azimuth,0.0,386.80890999999997,1
WTO,2020,pv_decentral,0.0,0.8363700000000001,1
WTO,2020,wind_offshore_floating,0.0,14.69397,1
WTO,2020,wind_offshore_foundation,0.0,2.02853,1
WTO,2020,wind_onshore,0.0,15.00559,1
WTO,2025,BIO,0.0,100.0,0
WTO,2025,CCGT,0.0,100.0,0
WTO,2025,COAL,0.0,100.0,0
WTO,2025,DIE,0.0,100.0,0
WTO,2025,Electrolyser,0.0,100.0,0
WTO,2025,GT,0.0,100.0,0
WTO,2025,H2_CCGT,0.0,100.0,0
WTO,2025,H2_FC,0.0,100.0,0
WTO,2025,Hydro,0.0,inf,1
WTO,2025,OCGT,0.0,100.0,0
WTO,2025,geoth,0.0,100.0,1
WTO,2025,pv_central_fixed,0.0,386.80890999999997,0
WTO,2025,pv_central_track_azimuth,0.0,386.80890999999997,0
WTO,2025,pv_decentral,0.0,0.8363700000000001,0
WTO,2025,wind_offshore_floating,0.0,14.69397,0
WTO,2025,wind_offshore_foundation,0.0,2.02853,0
WTO,2025,wind_onshore,0.0,15.00559,0
WTO,2030,BIO,0.0,100.0,0
WTO,2030,Battery,0.0,50.0,0
WTO,2030,CCGT,0.0,100.0,0
WTO,2030,COAL,0.0,100.0,0
WTO,2030,DIE,0.0,100.0,0
WTO,2030,Electrolyser,0.0,100.0,0
WTO,2030,GT,0.0,100.0,0
WTO,2030,H2_CCGT,0.0,100.0,0
WTO,2030,H2_FC,0.0,100.0,0
WTO,2030,Hydro,0.0,inf,1
WTO,2030,OCGT,0.0,100.0,0
WTO,2030,geoth,0.0,100.0,1
WTO,2030,pv_central_fixed,0.0,386.80890999999997,0
WTO,2030,pv_central_track_azimuth,0.0,386.80890999999997,0
WTO,2030,pv_decentral,0.0,0.8363700000000001,0
WTO,2030,wind_offshore_floating,0.0,14.69397,0
WTO,2030,wind_offshore_foundation,0.0,2.02853,0
WTO,2030,wind_onshore,0.0,15.00559,0
WTO,2035,BIO,0.0,100.0,0
WTO,2035,CCGT,0.0,100.0,0
WTO,2035,COAL,0.0,100.0,0
WTO,2035,DIE,0.0,100.0,0
WTO,2035,Electrolyser,0.0,100.0,0
WTO,2035,GT,0.0,100.0,0
WTO,2035,H2_CCGT,0.0,100.0,0
WTO,2035,H2_FC,0.0,100.0,0
WTO,2035,H2_storage,0.0,50.0,0
WTO,2035,Hydro,0.0,inf,1
WTO,2035,OCGT,0.0,100.0,0
WTO,2035,geoth,0.0,100.0,1
WTO,2035,pv_central_fixed,0.0,386.80890999999997,0
WTO,2035,pv_central_track_azimuth,0.0,386.80890999999997,0
WTO,2035,pv_decentral,0.0,0.8363700000000001,0
WTO,2035,wind_offshore_floating,0.0,14.69397,0
WTO,2035,wind_offshore_foundation,0.0,2.02853,0
WTO,2035,wind_onshore,0.0,15.00559,0
WTO,2040,BIO,0.0,100.0,0
WTO,2040,Battery,0.0,50.0,0
WTO,2040,CCGT,0.0,100.0,0
WTO,2040,COAL,0.0,100.0,0
WTO,2040,DIE,0.0,100.0,0
WTO,2040,Electrolyser,0.0,100.0,0
WTO,2040,GT,0.0,100.0,0
WTO,2040,H2_CCGT,0.0,100.0,0
WTO,2040,H2_FC,0.0,100.0,0
WTO,2040,Hydro,0.0,inf,1
WTO,2040,OCGT,0.0,100.0,0
WTO,2040,geoth,0.0,100.0,1
WTO,2040,pv_central_fixed,0.0,386.80890999999997,0
WTO,2040,pv_central_track_azimuth,0.0,386.80890999999997,0
WTO,2040,pv_decentral,0.0,0.8363700000000001,0
WTO,2040,wind_offshore_floating,0.0,14.69397,0
WTO,2040,wind_offshore_foundation,0.0,2.02853,0
WTO,2040,wind_onshore,0.0,15.00559,0
WTO,2045,BIO,0.0,100.0,0
WTO,2045,CCGT,0.0,100.0,0
WTO,2045,COAL,0.0,100.0,0
WTO,2045,DIE,0.0,100.0,0
WTO,2045,Electrolyser,0.0,100.0,0
WTO,2045,GT,0.0,100.0,0
WTO,2045,H2_CCGT,0.0,100.0,0
WTO,2045,H2_FC,0.0,100.0,0
WTO,2045,Hydro,0.0,inf,1
WTO,2045,OCGT,0.0,100.0,0
WTO,2045,geoth,0.0,100.0,1
WTO,2045,pv_central_fixed,0.0,386.80890999999997,0
WTO,2045,pv_central_track_azimuth,0.0,386.80890999999997,0
WTO,2045,pv_decentral,0.0,0.8363700000000001,0
WTO,2045,wind_offshore_floating,0.0,14.69397,0
WTO,2045,wind_offshore_foundation,0.0,2.02853,0
WTO,2045,wind_onshore,0.0,15.00559,0
WTO,2050,BIO,0.0,100.0,0
WTO,2050,Battery,0.0,50.0,0
WTO,2050,CCGT,0.0,100.0,0
WTO,2050,COAL,0.0,100.0,0
WTO,2050,DIE,0.0,100.0,0
WTO,2050,Electrolyser,0.0,100.0,0
WTO,2050,GT,0.0,100.0,0
WTO,2050,H2_CCGT,0.0,100.0,0
WTO,2050,H2_FC,0.0,100.0,0
WTO,2050,H2_storage,0.0,50.0,0
WTO,2050,Hydro,0.0,inf,1
WTO,2050,OCGT,0.0,100.0,0
WTO,2050,geoth,0.0,100.0,1
WTO,2050,pv_central_fixed,0.0,386.80890999999997,0
WTO,2050,pv_central_track_azimuth,0.0,386.80890999999997,0
WTO,2050,pv_decentral,0.0,0.8363700000000001,0
WTO,2050,wind_offshore_floating,0.0,14.69397,0
WTO,2050,wind_offshore_foundation,0.0,2.02853,0
WTO,2050,wind_onshore,0.0,15.00559,0
