accNodesModel,accYears,techs,commodity,capType,value
AKL,2030,Battery,Elec,build,0.024284189692668188
AKL,2030,Battery,Elec,total,0.024284189692668188
AKL,2030,Battery,Elec,upperLimit,50.0
AKL,2030,Battery,Elec_battery,build,0.023677084950351483
AKL,2030,Battery,Elec_battery,total,0.023677084950351483
AKL,2030,Battery,Elec_battery,upperLimit,48.75
AKL,2030,pv_central_fixed,Elec,build,1.7679332533180292e-06
AKL,2030,pv_central_fixed,Elec,total,1.7679332533180292e-06
AKL,2030,pv_central_fixed,Elec,upperLimit,180.66817
AKL,2030,pv_central_track_azimuth,Elec,build,1.1604180531947046e-06
AKL,2030,pv_central_track_azimuth,Elec,total,1.1604180531947046e-06
AKL,2030,pv_central_track_azimuth,Elec,upperLimit,180.66817
AKL,2030,pv_decentral,Elec,build,1.5668311881393983e-07
AKL,2030,pv_decentral,Elec,total,1.5668311881393983e-07
AKL,2030,pv_decentral,Elec,upperLimit,2.2025300000000003
AKL,2030,wind_offshore_floating,Elec,build,3.959480991430433e-08
AKL,2030,wind_offshore_floating,Elec,total,3.959480991430433e-08
AKL,2030,wind_offshore_floating,Elec,upperLimit,34.72203
AKL,2030,wind_offshore_foundation,Elec,build,3.9433334639273805e-08
AKL,2030,wind_offshore_foundation,Elec,total,3.9433334639273805e-08
AKL,2030,wind_offshore_foundation,Elec,upperLimit,12.56432
AKL,2030,wind_onshore,Elec,build,0.004832919190006459
AKL,2030,wind_onshore,Elec,total,0.004832919190006459
AKL,2030,wind_onshore,Elec,upperLimit,7.56917
AKL,2040,Battery,Elec,build,0.022951821515885484
AKL,2040,Battery,Elec,decom,2.552101711087694e-10
AKL,2040,Battery,Elec,total,0.047236014392360165
AKL,2040,Battery,Elec,upperLimit,100.0
AKL,2040,Battery,Elec_battery,build,0.022378025977988346
AKL,2040,Battery,Elec_battery,decom,2.4882991683105015e-10
AKL,2040,Battery,Elec_battery,total,0.046055114032551164
AKL,2040,Battery,Elec_battery,upperLimit,97.5
AKL,2040,pv_central_fixed,Elec,build,1.5671099518908504e-06
AKL,2040,pv_central_fixed,Elec,decom,2.1523254327870224e-11
AKL,2040,pv_central_fixed,Elec,total,3.3384606986189603e-06
AKL,2040,pv_central_fixed,Elec,upperLimit,361.33634
AKL,2040,pv_central_track_azimuth,Elec,build,9.144828960981036e-07
AKL,2040,pv_central_track_azimuth,Elec,decom,1.8423201496204523e-11
AKL,2040,pv_central_track_azimuth,Elec,total,2.078321542755722e-06
AKL,2040,pv_central_track_azimuth,Elec,upperLimit,361.33634
AKL,2040,pv_decentral,Elec,build,2.0968181886622554e-07
AKL,2040,pv_decentral,Elec,decom,1.3550029720590327e-11
AKL,2040,pv_decentral,Elec,total,3.697904043148538e-07
AKL,2040,pv_decentral,Elec,upperLimit,4.405060000000001
AKL,2040,wind_offshore_floating,Elec,build,4.366371982900087e-08
AKL,2040,wind_offshore_floating,Elec,decom,2.3927123363467547e-12
AKL,2040,wind_offshore_floating,Elec,total,8.66951536953778e-08
AKL,2040,wind_offshore_floating,Elec,upperLimit,69.44406
AKL,2040,wind_offshore_foundation,Elec,build,4.343315925604865e-08
AKL,2040,wind_offshore_foundation,Elec,decom,2.873083385755833e-12
AKL,2040,wind_offshore_foundation,Elec,total,8.630263747634564e-08
AKL,2040,wind_offshore_foundation,Elec,upperLimit,25.12864
AKL,2040,wind_onshore,Elec,build,0.03642889710017464
AKL,2040,wind_onshore,Elec,decom,6.391339706585352e-12
AKL,2040,wind_onshore,Elec,total,0.041261819722806424
AKL,2040,wind_onshore,Elec,upperLimit,15.13834
AKL,2050,Battery,Elec,build,0.048352366732338885
AKL,2050,Battery,Elec,decom,0.024284190036908654
AKL,2050,Battery,Elec,total,0.09558838421947524
AKL,2050,Battery,Elec,upperLimit,100.0
AKL,2050,Battery,Elec_battery,build,0.04714355756403041
AKL,2050,Battery,Elec_battery,decom,0.023677085285985937
AKL,2050,Battery,Elec_battery,total,0.09319867461398837
AKL,2050,Battery,Elec_battery,upperLimit,97.5
AKL,2050,pv_central_fixed,Elec,build,1.4357286288308605e-06
AKL,2050,pv_central_fixed,Elec,decom,9.542534800921828e-11
AKL,2050,pv_central_fixed,Elec,total,4.780971935430632e-06
AKL,2050,pv_central_fixed,Elec,upperLimit,542.00451
AKL,2050,pv_central_track_azimuth,Elec,build,7.242900861541527e-07
AKL,2050,pv_central_track_azimuth,Elec,decom,8.192130459525136e-11
AKL,2050,pv_central_track_azimuth,Elec,total,2.809407740934097e-06
AKL,2050,pv_central_track_azimuth,Elec,upperLimit,542.00451
AKL,2050,pv_decentral,Elec,build,2.424361836461143e-07
AKL,2050,pv_decentral,Elec,decom,6.149797793478524e-11
AKL,2050,pv_decentral,Elec,total,6.190431233118512e-07
AKL,2050,pv_decentral,Elec,upperLimit,6.607590000000001
AKL,2050,wind_offshore_floating,Elec,build,4.64966841975298e-08
AKL,2050,wind_offshore_floating,Elec,decom,9.81383257429517e-12
AKL,2050,wind_offshore_floating,Elec,total,1.4006005738915128e-07
AKL,2050,wind_offshore_floating,Elec,upperLimit,104.16609
AKL,2050,wind_offshore_foundation,Elec,build,4.652689043346891e-08
AKL,2050,wind_offshore_foundation,Elec,decom,1.1744267272733834e-11
AKL,2050,wind_offshore_foundation,Elec,total,1.396958169713597e-07
AKL,2050,wind_offshore_foundation,Elec,upperLimit,37.69296
AKL,2050,wind_onshore,Elec,build,0.1307107179334288
AKL,2050,wind_onshore,Elec,decom,2.6242211405567825e-11
AKL,2050,wind_onshore,Elec,total,0.17197254450802635
AKL,2050,wind_onshore,Elec,upperLimit,22.70751
BOP,2030,Battery,Elec,build,0.024487177597861943
BOP,2030,Battery,Elec,total,0.024487177597861943
BOP,2030,Battery,Elec,upperLimit,50.0
BOP,2030,Battery,Elec_battery,build,0.023874998157915394
BOP,2030,Battery,Elec_battery,total,0.023874998157915394
BOP,2030,Battery,Elec_battery,upperLimit,48.75
BOP,2030,pv_central_fixed,Elec,build,2.300676747163481e-05
BOP,2030,pv_central_fixed,Elec,total,2.300676747163481e-05
BOP,2030,pv_central_fixed,Elec,upperLimit,237.96793
BOP,2030,pv_central_track_azimuth,Elec,build,0.07236990150203278
BOP,2030,pv_central_track_azimuth,Elec,total,0.07236990150203278
BOP,2030,pv_central_track_azimuth,Elec,upperLimit,237.94021
BOP,2030,pv_decentral,Elec,build,1.6887113782402938e-07
BOP,2030,pv_decentral,Elec,total,1.6887113782402938e-07
BOP,2030,pv_decentral,Elec,upperLimit,0.56348
BOP,2030,wind_offshore_floating,Elec,build,1.3846725571967928e-07
BOP,2030,wind_offshore_floating,Elec,total,1.3846725571967928e-07
BOP,2030,wind_offshore_floating,Elec,upperLimit,21.89748
BOP,2030,wind_offshore_foundation,Elec,build,8.543880769717619e-08
BOP,2030,wind_offshore_foundation,Elec,total,8.543880769717619e-08
BOP,2030,wind_offshore_foundation,Elec,upperLimit,5.5911800000000005
BOP,2030,wind_onshore,Elec,build,1.13538149384367e-06
BOP,2030,wind_onshore,Elec,total,1.13538149384367e-06
BOP,2030,wind_onshore,Elec,upperLimit,11.39598
BOP,2040,Battery,Elec,build,0.010712162036800582
BOP,2040,Battery,Elec,decom,2.5561577344120046e-10
BOP,2040,Battery,Elec,total,0.03519934281806342
BOP,2040,Battery,Elec,upperLimit,100.0
BOP,2040,Battery,Elec_battery,build,0.010444357985880568
BOP,2040,Battery,Elec_battery,decom,2.4922537910517046e-10
BOP,2040,Battery,Elec_battery,total,0.03431935924761183
BOP,2040,Battery,Elec_battery,upperLimit,97.5
BOP,2040,pv_central_fixed,Elec,build,5.4013530910758e-06
BOP,2040,pv_central_fixed,Elec,decom,2.1727883065817163e-11
BOP,2040,pv_central_fixed,Elec,total,2.8411537851491944e-05
BOP,2040,pv_central_fixed,Elec,upperLimit,475.93586
BOP,2040,pv_central_track_azimuth,Elec,build,2.363730622466579e-06
BOP,2040,pv_central_track_azimuth,Elec,decom,1.88392971877471e-11
BOP,2040,pv_central_track_azimuth,Elec,total,0.07237226865283261
BOP,2040,pv_central_track_azimuth,Elec,upperLimit,475.88042
BOP,2040,pv_decentral,Elec,build,2.396388372969995e-07
BOP,2040,pv_decentral,Elec,decom,1.3426709364985645e-11
BOP,2040,pv_decentral,Elec,total,4.11935565076073e-07
BOP,2040,pv_decentral,Elec,upperLimit,1.12696
BOP,2040,wind_offshore_floating,Elec,build,1.4159754949312135e-07
BOP,2040,wind_offshore_floating,Elec,decom,2.4060006849646616e-12
BOP,2040,wind_offshore_floating,Elec,total,2.8350141587652453e-07
BOP,2040,wind_offshore_floating,Elec,upperLimit,43.79496
BOP,2040,wind_offshore_foundation,Elec,build,8.839159680089648e-08
BOP,2040,wind_offshore_foundation,Elec,decom,2.8915889869929092e-12
BOP,2040,wind_offshore_foundation,Elec,total,1.7726652957349462e-07
BOP,2040,wind_offshore_foundation,Elec,upperLimit,11.182360000000001
BOP,2040,wind_onshore,Elec,build,1.051778733996247e-06
BOP,2040,wind_onshore,Elec,decom,6.414161420395466e-12
BOP,2040,wind_onshore,Elec,total,2.1905928303429068e-06
BOP,2040,wind_onshore,Elec,upperLimit,22.79196
BOP,2050,Battery,Elec,build,0.025906982230778135
BOP,2050,Battery,Elec,decom,0.024487177940712528
BOP,2050,Battery,Elec,total,0.061106328145007625
BOP,2050,Battery,Elec,upperLimit,100.0
BOP,2050,Battery,Elec_battery,build,0.02525930767500868
BOP,2050,Battery,Elec_battery,decom,0.023874998492194717
BOP,2050,Battery,Elec_battery,total,0.05957866994138243
BOP,2050,Battery,Elec_battery,upperLimit,97.5
BOP,2050,pv_central_fixed,Elec,build,1.0526551544631287e-05
BOP,2050,pv_central_fixed,Elec,decom,9.393431355365117e-11
BOP,2050,pv_central_fixed,Elec,total,3.8944873495138496e-05
BOP,2050,pv_central_fixed,Elec,upperLimit,713.90379
BOP,2050,pv_central_track_azimuth,Elec,build,1.92868808017902e-06
BOP,2050,pv_central_track_azimuth,Elec,decom,8.109194852236431e-11
BOP,2050,pv_central_track_azimuth,Elec,total,0.07237420413785417
BOP,2050,pv_central_track_azimuth,Elec,upperLimit,713.82063
BOP,2050,pv_decentral,Elec,build,3.0008739893947687e-07
BOP,2050,pv_decentral,Elec,decom,6.178347335517484e-11
BOP,2050,pv_decentral,Elec,total,7.188392138710126e-07
BOP,2050,pv_decentral,Elec,upperLimit,1.69044
BOP,2050,wind_offshore_floating,Elec,build,1.2138424442430753e-07
BOP,2050,wind_offshore_floating,Elec,decom,1.0275210584351885e-11
BOP,2050,wind_offshore_floating,Elec,total,4.1175341841906556e-07
BOP,2050,wind_offshore_floating,Elec,upperLimit,65.69244
BOP,2050,wind_offshore_foundation,Elec,build,8.051922325648933e-08
BOP,2050,wind_offshore_foundation,Elec,decom,1.211545845531711e-11
BOP,2050,wind_offshore_foundation,Elec,total,2.646516707003466e-07
BOP,2050,wind_offshore_foundation,Elec,upperLimit,16.77354
BOP,2050,wind_onshore,Elec,build,4.380000783860444e-07
BOP,2050,wind_onshore,Elec,decom,2.8308749667747823e-11
BOP,2050,wind_onshore,Elec,total,2.6354426333081e-06
BOP,2050,wind_onshore,Elec,upperLimit,34.18794
CAN,2030,Battery,Elec,build,0.13658773649075043
CAN,2030,Battery,Elec,total,0.13658773649075043
CAN,2030,Battery,Elec,upperLimit,50.0
CAN,2030,Battery,Elec_battery,build,0.13317304307848166
CAN,2030,Battery,Elec_battery,total,0.13317304307848166
CAN,2030,Battery,Elec_battery,upperLimit,48.75
CAN,2030,pv_central_fixed,Elec,build,0.31501318888621327
CAN,2030,pv_central_fixed,Elec,total,0.31501318888621327
CAN,2030,pv_central_fixed,Elec,upperLimit,1084.1251499999998
CAN,2030,pv_central_track_azimuth,Elec,build,1.8060267541391396e-06
CAN,2030,pv_central_track_azimuth,Elec,total,1.8060267541391396e-06
CAN,2030,pv_central_track_azimuth,Elec,upperLimit,1074.11219
CAN,2030,pv_decentral,Elec,build,1.1850480910318273e-07
CAN,2030,pv_decentral,Elec,total,1.1850480910318273e-07
CAN,2030,pv_decentral,Elec,upperLimit,1.19204
CAN,2030,wind_offshore_floating,Elec,build,2.050407670626568e-08
CAN,2030,wind_offshore_floating,Elec,total,2.050407670626568e-08
CAN,2030,wind_offshore_floating,Elec,upperLimit,67.81437
CAN,2030,wind_offshore_foundation,Elec,build,2.9266025477559283e-08
CAN,2030,wind_offshore_foundation,Elec,total,2.9266025477559283e-08
CAN,2030,wind_offshore_foundation,Elec,upperLimit,25.37745
CAN,2030,wind_onshore,Elec,build,1.7074210985091697e-07
CAN,2030,wind_onshore,Elec,total,1.7074210985091697e-07
CAN,2030,wind_onshore,Elec,upperLimit,32.23317
CAN,2040,Battery,Elec,build,0.2463604015901371
CAN,2040,Battery,Elec,decom,2.54948713122068e-10
CAN,2040,Battery,Elec,total,0.38294814126495547
CAN,2040,Battery,Elec,upperLimit,100.0
CAN,2040,Battery,Elec_battery,build,0.24020139155038367
CAN,2040,Battery,Elec_battery,decom,2.4857499529401625e-10
CAN,2040,Battery,Elec_battery,total,0.37337443773333157
CAN,2040,Battery,Elec_battery,upperLimit,97.5
CAN,2040,pv_central_fixed,Elec,build,0.5705180708368429
CAN,2040,pv_central_fixed,Elec,decom,2.133970535556189e-11
CAN,2040,pv_central_fixed,Elec,total,0.8855312631407332
CAN,2040,pv_central_fixed,Elec,upperLimit,2168.2502999999997
CAN,2040,pv_central_track_azimuth,Elec,build,1.764367009673718e-06
CAN,2040,pv_central_track_azimuth,Elec,decom,1.800093129162502e-11
CAN,2040,pv_central_track_azimuth,Elec,total,3.5738147795459745e-06
CAN,2040,pv_central_track_azimuth,Elec,upperLimit,2148.22438
CAN,2040,pv_decentral,Elec,build,1.4917755478870235e-07
CAN,2040,pv_decentral,Elec,decom,1.3660508317814056e-11
CAN,2040,pv_decentral,Elec,total,2.7110772004797625e-07
CAN,2040,pv_decentral,Elec,upperLimit,2.38408
CAN,2040,wind_offshore_floating,Elec,build,2.0099886978224406e-08
CAN,2040,wind_offshore_floating,Elec,decom,2.5648855432087125e-12
CAN,2040,wind_offshore_floating,Elec,total,4.404041546335583e-08
CAN,2040,wind_offshore_floating,Elec,upperLimit,135.62874
CAN,2040,wind_offshore_foundation,Elec,build,2.9686727676525373e-08
CAN,2040,wind_offshore_foundation,Elec,decom,2.969868997665286e-12
CAN,2040,wind_offshore_foundation,Elec,total,6.238879994949596e-08
CAN,2040,wind_offshore_foundation,Elec,upperLimit,50.7549
CAN,2040,wind_onshore,Elec,build,1.7897482096990242e-07
CAN,2040,wind_onshore,Elec,decom,6.348281025013358e-12
CAN,2040,wind_onshore,Elec,total,3.5314959920420343e-07
CAN,2040,wind_onshore,Elec,upperLimit,64.46634
CAN,2050,Battery,Elec,build,0.3526431245857144
CAN,2050,Battery,Elec,decom,0.13658773683615233
CAN,2050,Battery,Elec,total,0.7355912689442847
CAN,2050,Battery,Elec,upperLimit,100.0
CAN,2050,Battery,Elec_battery,build,0.34382704647107154
CAN,2050,Battery,Elec_battery,decom,0.1331730434152485
CAN,2050,Battery,Elec_battery,total,0.7172014872206776
CAN,2050,Battery,Elec_battery,upperLimit,97.5
CAN,2050,pv_central_fixed,Elec,build,0.5003396241139613
CAN,2050,pv_central_fixed,Elec,decom,9.421585773070002e-11
CAN,2050,pv_central_fixed,Elec,total,1.3858708940385118
CAN,2050,pv_central_fixed,Elec,upperLimit,3252.3754499999995
CAN,2050,pv_central_track_azimuth,Elec,build,1.4496128509551185e-06
CAN,2050,pv_central_track_azimuth,Elec,decom,7.935662938780193e-11
CAN,2050,pv_central_track_azimuth,Elec,total,5.030226307200521e-06
CAN,2050,pv_central_track_azimuth,Elec,upperLimit,3222.3365700000004
CAN,2050,pv_decentral,Elec,build,1.7113904274003837e-07
CAN,2050,pv_decentral,Elec,decom,6.102173597824647e-11
CAN,2050,pv_decentral,Elec,total,4.4906377438085445e-07
CAN,2050,pv_decentral,Elec,upperLimit,3.57612
CAN,2050,wind_offshore_floating,Elec,build,1.8725477220855527e-08
CAN,2050,wind_offshore_floating,Elec,decom,1.1461494779598136e-11
CAN,2050,wind_offshore_floating,Elec,total,6.963246451824971e-08
CAN,2050,wind_offshore_floating,Elec,upperLimit,203.44311
CAN,2050,wind_offshore_foundation,Elec,build,2.512092826272233e-08
CAN,2050,wind_offshore_foundation,Elec,decom,1.3196991266671929e-11
CAN,2050,wind_offshore_foundation,Elec,total,9.437456454976957e-08
CAN,2050,wind_offshore_foundation,Elec,upperLimit,76.13235
CAN,2050,wind_onshore,Elec,build,1.0147457372810808e-07
CAN,2050,wind_onshore,Elec,decom,3.0087135068302026e-11
CAN,2050,wind_onshore,Elec,total,4.6147211912606103e-07
CAN,2050,wind_onshore,Elec,upperLimit,96.69951
CEN,2030,Battery,Elec,build,0.002373378537857639
CEN,2030,Battery,Elec,total,0.002373378537857639
CEN,2030,Battery,Elec,upperLimit,50.0
CEN,2030,Battery,Elec_battery,build,0.002314044074411198
CEN,2030,Battery,Elec_battery,total,0.002314044074411198
CEN,2030,Battery,Elec_battery,upperLimit,48.75
CEN,2030,pv_central_fixed,Elec,build,5.882250070695388e-07
CEN,2030,pv_central_fixed,Elec,total,5.882250070695388e-07
CEN,2030,pv_central_fixed,Elec,upperLimit,496.94086
CEN,2030,pv_central_track_azimuth,Elec,build,4.472080957571391e-07
CEN,2030,pv_central_track_azimuth,Elec,total,4.472080957571391e-07
CEN,2030,pv_central_track_azimuth,Elec,upperLimit,496.94086
CEN,2030,pv_decentral,Elec,build,1.314356795968586e-07
CEN,2030,pv_decentral,Elec,total,1.314356795968586e-07
CEN,2030,pv_decentral,Elec,upperLimit,0.51601
CEN,2030,wind_offshore_floating,Elec,build,3.6187741365761406e-08
CEN,2030,wind_offshore_floating,Elec,total,3.6187741365761406e-08
CEN,2030,wind_offshore_floating,Elec,upperLimit,6.4615100000000005
CEN,2030,wind_offshore_foundation,Elec,build,4.40705781589083e-08
CEN,2030,wind_offshore_foundation,Elec,total,4.40705781589083e-08
CEN,2030,wind_offshore_foundation,Elec,upperLimit,2.03837
CEN,2030,wind_onshore,Elec,build,1.4517210135162182e-07
CEN,2030,wind_onshore,Elec,total,1.4517210135162182e-07
CEN,2030,wind_onshore,Elec,upperLimit,16.594099999999997
CEN,2040,Battery,Elec,build,0.0011219262816789795
CEN,2040,Battery,Elec,decom,2.2102245798905626e-10
CEN,2040,Battery,Elec,total,0.0034953080375308247
CEN,2040,Battery,Elec,upperLimit,100.0
CEN,2040,Battery,Elec_battery,build,0.0010938781246370049
CEN,2040,Battery,Elec_battery,decom,2.1549689653932985e-10
CEN,2040,Battery,Elec_battery,total,0.0034079253365925533
CEN,2040,Battery,Elec_battery,upperLimit,97.5
CEN,2040,pv_central_fixed,Elec,build,5.570097237404306e-07
CEN,2040,pv_central_fixed,Elec,decom,2.158085991377792e-11
CEN,2040,pv_central_fixed,Elec,total,1.1486521666144648e-06
CEN,2040,pv_central_fixed,Elec,upperLimit,993.88172
CEN,2040,pv_central_track_azimuth,Elec,build,3.985500634603343e-07
CEN,2040,pv_central_track_azimuth,Elec,decom,1.8498055374628625e-11
CEN,2040,pv_central_track_azimuth,Elec,total,8.491786778265073e-07
CEN,2040,pv_central_track_azimuth,Elec,upperLimit,993.88172
CEN,2040,pv_decentral,Elec,build,1.7442388303749524e-07
CEN,2040,pv_decentral,Elec,decom,1.3525338958171013e-11
CEN,2040,pv_decentral,Elec,total,3.0928505395980447e-07
CEN,2040,pv_decentral,Elec,upperLimit,1.03202
CEN,2040,wind_offshore_floating,Elec,build,4.10814047294375e-08
CEN,2040,wind_offshore_floating,Elec,decom,2.381289215729629e-12
CEN,2040,wind_offshore_floating,Elec,total,8.070578147039213e-08
CEN,2040,wind_offshore_floating,Elec,upperLimit,12.923020000000001
CEN,2040,wind_offshore_foundation,Elec,build,4.852535447881547e-08
CEN,2040,wind_offshore_foundation,Elec,decom,2.861797633151874e-12
CEN,2040,wind_offshore_foundation,Elec,total,9.603208750449962e-08
CEN,2040,wind_offshore_foundation,Elec,upperLimit,4.07674
CEN,2040,wind_onshore,Elec,build,1.6798760971804205e-07
CEN,2040,wind_onshore,Elec,decom,6.17427570085403e-12
CEN,2040,wind_onshore,Elec,total,3.1659255345837193e-07
CEN,2040,wind_onshore,Elec,upperLimit,33.188199999999995
CEN,2050,Battery,Elec,build,1.3102793925475224e-05
CEN,2050,Battery,Elec,decom,0.0023733789605066952
CEN,2050,Battery,Elec,total,0.003508413847823908
CEN,2050,Battery,Elec,upperLimit,100.0
CEN,2050,Battery,Elec_battery,build,1.2775224077338343e-05
CEN,2050,Battery,Elec_battery,decom,0.002314044486494028
CEN,2050,Battery,Elec_battery,total,0.00342070350162831
CEN,2050,Battery,Elec_battery,upperLimit,97.5
CEN,2050,pv_central_fixed,Elec,build,6.204964145139953e-07
CEN,2050,pv_central_fixed,Elec,decom,9.275751678262188e-11
CEN,2050,pv_central_fixed,Elec,total,1.7759338569404952e-06
CEN,2050,pv_central_fixed,Elec,upperLimit,1490.82258
CEN,2050,pv_central_track_azimuth,Elec,build,4.031899091974454e-07
CEN,2050,pv_central_track_azimuth,Elec,decom,7.922356439615324e-11
CEN,2050,pv_central_track_azimuth,Elec,total,1.259167396788375e-06
CEN,2050,pv_central_track_azimuth,Elec,upperLimit,1490.82258
CEN,2050,pv_decentral,Elec,build,2.086656707329412e-07
CEN,2050,pv_decentral,Elec,decom,6.268604613814014e-11
CEN,2050,pv_decentral,Elec,total,5.247660719754257e-07
CEN,2050,pv_decentral,Elec,upperLimit,1.5480299999999998
CEN,2050,wind_offshore_floating,Elec,build,3.7292183300624966e-08
CEN,2050,wind_offshore_floating,Elec,decom,1.0681917927709036e-11
CEN,2050,wind_offshore_floating,Elec,total,1.2486531618190735e-07
CEN,2050,wind_offshore_floating,Elec,upperLimit,19.38453
CEN,2050,wind_offshore_foundation,Elec,build,4.038383699448043e-08
CEN,2050,wind_offshore_foundation,Elec,decom,1.3509236219374858e-11
CEN,2050,wind_offshore_foundation,Elec,total,1.432804485915786e-07
CEN,2050,wind_offshore_foundation,Elec,upperLimit,6.11511
CEN,2050,wind_onshore,Elec,build,1.2136821845097072e-07
CEN,2050,wind_onshore,Elec,decom,2.860977434920095e-11
CEN,2050,wind_onshore,Elec,total,4.448101954638113e-07
CEN,2050,wind_onshore,Elec,upperLimit,49.78229999999999
HBY,2030,Battery,Elec,build,7.051787805126511e-05
HBY,2030,Battery,Elec,total,7.051787805126511e-05
HBY,2030,Battery,Elec,upperLimit,50.0
HBY,2030,Battery,Elec_battery,build,6.875493109998348e-05
HBY,2030,Battery,Elec_battery,total,6.875493109998348e-05
HBY,2030,Battery,Elec_battery,upperLimit,48.75
HBY,2030,pv_central_fixed,Elec,build,3.6201391199616437e-07
HBY,2030,pv_central_fixed,Elec,total,3.6201391199616437e-07
HBY,2030,pv_central_fixed,Elec,upperLimit,259.19598
HBY,2030,pv_central_track_azimuth,Elec,build,3.253326660672225e-07
HBY,2030,pv_central_track_azimuth,Elec,total,3.253326660672225e-07
HBY,2030,pv_central_track_azimuth,Elec,upperLimit,259.19598
HBY,2030,pv_decentral,Elec,build,9.366795287250065e-08
HBY,2030,pv_decentral,Elec,total,9.366795287250065e-08
HBY,2030,pv_decentral,Elec,upperLimit,0.26427
HBY,2030,wind_offshore_floating,Elec,build,8.113054210308516e-08
HBY,2030,wind_offshore_floating,Elec,total,8.113054210308516e-08
HBY,2030,wind_offshore_floating,Elec,upperLimit,15.6443
HBY,2030,wind_offshore_foundation,Elec,build,8.129200590634459e-08
HBY,2030,wind_offshore_foundation,Elec,total,8.129200590634459e-08
HBY,2030,wind_offshore_foundation,Elec,upperLimit,5.5832
HBY,2030,wind_onshore,Elec,build,2.7629970708306487e-07
HBY,2030,wind_onshore,Elec,total,2.7629970708306487e-07
HBY,2030,wind_onshore,Elec,upperLimit,10.3033
HBY,2040,Battery,Elec,build,0.0023785639162766
HBY,2040,Battery,Elec,decom,2.41494371919281e-10
HBY,2040,Battery,Elec,total,0.0024490849918501574
HBY,2040,Battery,Elec,upperLimit,100.0
HBY,2040,Battery,Elec_battery,build,0.0023190998183696848
HBY,2040,Battery,Elec_battery,decom,2.3545701262129897e-10
HBY,2040,Battery,Elec_battery,total,0.0023878578670539032
HBY,2040,Battery,Elec_battery,upperLimit,97.5
HBY,2040,pv_central_fixed,Elec,build,3.135201583116533e-07
HBY,2040,pv_central_fixed,Elec,decom,2.2362095160051873e-11
HBY,2040,pv_central_fixed,Elec,total,6.789507248770664e-07
HBY,2040,pv_central_fixed,Elec,upperLimit,518.39196
HBY,2040,pv_central_track_azimuth,Elec,build,2.6374864029426926e-07
HBY,2040,pv_central_track_azimuth,Elec,decom,1.9339045110500957e-11
HBY,2040,pv_central_track_azimuth,Elec,total,5.925009839807902e-07
HBY,2040,pv_central_track_azimuth,Elec,upperLimit,518.39196
HBY,2040,pv_decentral,Elec,build,1.1161397967343976e-07
HBY,2040,pv_decentral,Elec,decom,1.4060221048132646e-11
HBY,2040,pv_decentral,Elec,total,2.0870688898930132e-07
HBY,2040,pv_decentral,Elec,upperLimit,0.52854
HBY,2040,wind_offshore_floating,Elec,build,9.865405309568906e-08
HBY,2040,wind_offshore_floating,Elec,decom,2.3411325301321355e-12
HBY,2040,wind_offshore_floating,Elec,total,1.8322127073065308e-07
HBY,2040,wind_offshore_floating,Elec,upperLimit,31.2886
HBY,2040,wind_offshore_foundation,Elec,build,1.0053706298455537e-07
HBY,2040,wind_offshore_foundation,Elec,decom,2.7985769289203775e-12
HBY,2040,wind_offshore_foundation,Elec,total,1.8526528697837995e-07
HBY,2040,wind_offshore_foundation,Elec,upperLimit,11.1664
HBY,2040,wind_onshore,Elec,build,3.437612614012748e-07
HBY,2040,wind_onshore,Elec,decom,6.1927587372360785e-12
HBY,2040,wind_onshore,Elec,total,6.234937923900113e-07
HBY,2040,wind_onshore,Elec,upperLimit,20.6066
HBY,2050,Battery,Elec,build,0.0029428592262346065
HBY,2050,Battery,Elec,decom,7.051822396214476e-05
HBY,2050,Battery,Elec,total,0.005391947311190548
HBY,2050,Battery,Elec,upperLimit,100.0
HBY,2050,Battery,Elec_battery,build,0.0028692877455787414
HBY,2050,Battery,Elec_battery,decom,6.875526836309114e-05
HBY,2050,Battery,Elec_battery,total,0.005257148628410785
HBY,2050,Battery,Elec_battery,upperLimit,97.5
HBY,2050,pv_central_fixed,Elec,build,2.9816913331420497e-07
HBY,2050,pv_central_fixed,Elec,decom,9.89421432258557e-11
HBY,2050,pv_central_fixed,Elec,total,9.838989493768635e-07
HBY,2050,pv_central_fixed,Elec,upperLimit,777.5879400000001
HBY,2050,pv_central_track_azimuth,Elec,build,2.3709920257860444e-07
HBY,2050,pv_central_track_azimuth,Elec,decom,8.563556730398219e-11
HBY,2050,pv_central_track_azimuth,Elec,total,8.363925843209085e-07
HBY,2050,pv_central_track_azimuth,Elec,upperLimit,777.5879400000001
HBY,2050,pv_decentral,Elec,build,1.233905250123808e-07
HBY,2050,pv_decentral,Elec,decom,6.490507449281849e-11
HBY,2050,pv_decentral,Elec,total,3.389105422560071e-07
HBY,2050,pv_decentral,Elec,upperLimit,0.79281
HBY,2050,wind_offshore_floating,Elec,build,8.597095161827895e-08
HBY,2050,wind_offshore_floating,Elec,decom,1.0292652351455446e-11
HBY,2050,wind_offshore_floating,Elec,total,2.760599630253986e-07
HBY,2050,wind_offshore_floating,Elec,upperLimit,46.9329
HBY,2050,wind_offshore_foundation,Elec,build,8.12920428793237e-08
HBY,2050,wind_offshore_foundation,Elec,decom,1.2374637868856187e-11
HBY,2050,wind_offshore_foundation,Elec,total,2.7342298854865274e-07
HBY,2050,wind_offshore_foundation,Elec,upperLimit,16.7496
HBY,2050,wind_onshore,Elec,build,2.055566477104138e-07
HBY,2050,wind_onshore,Elec,decom,2.830426782201647e-11
HBY,2050,wind_onshore,Elec,total,8.359001691614211e-07
HBY,2050,wind_onshore,Elec,upperLimit,30.9099
NEL,2030,Battery,Elec,build,0.00969197932717094
NEL,2030,Battery,Elec,total,0.00969197932717094
NEL,2030,Battery,Elec,upperLimit,50.0
NEL,2030,Battery,Elec_battery,build,0.009449679843991666
NEL,2030,Battery,Elec_battery,total,0.009449679843991666
NEL,2030,Battery,Elec_battery,upperLimit,48.75
NEL,2030,pv_central_fixed,Elec,build,0.0298092207515852
NEL,2030,pv_central_fixed,Elec,total,0.0298092207515852
NEL,2030,pv_central_fixed,Elec,upperLimit,476.71375
NEL,2030,pv_central_track_azimuth,Elec,build,2.798837082193453e-06
NEL,2030,pv_central_track_azimuth,Elec,total,2.798837082193453e-06
NEL,2030,pv_central_track_azimuth,Elec,upperLimit,476.3666500000001
NEL,2030,pv_decentral,Elec,build,1.988819682038922e-07
NEL,2030,pv_decentral,Elec,total,1.988819682038922e-07
NEL,2030,pv_decentral,Elec,upperLimit,0.32797
NEL,2030,wind_offshore_floating,Elec,build,1.0849111316931282e-07
NEL,2030,wind_offshore_floating,Elec,total,1.0849111316931282e-07
NEL,2030,wind_offshore_floating,Elec,upperLimit,92.84245
NEL,2030,wind_offshore_foundation,Elec,build,3.498207877041058e-08
NEL,2030,wind_offshore_foundation,Elec,total,3.498207877041058e-08
NEL,2030,wind_offshore_foundation,Elec,upperLimit,13.34661
NEL,2030,wind_onshore,Elec,build,1.1380529309688982e-07
NEL,2030,wind_onshore,Elec,total,1.1380529309688982e-07
NEL,2030,wind_onshore,Elec,upperLimit,14.75796
NEL,2040,Battery,Elec,build,0.0012313714298791735
NEL,2040,Battery,Elec,decom,2.5713315723515515e-10
NEL,2040,Battery,Elec,total,0.010923353938933622
NEL,2040,Battery,Elec,upperLimit,100.0
NEL,2040,Battery,Elec_battery,build,0.0012005871441321942
NEL,2040,Battery,Elec_battery,decom,2.5070482830427626e-10
NEL,2040,Battery,Elec_battery,total,0.01065027009046028
NEL,2040,Battery,Elec_battery,upperLimit,97.5
NEL,2040,pv_central_fixed,Elec,build,0.012415012220710361
NEL,2040,pv_central_fixed,Elec,decom,2.1336870260105884e-11
NEL,2040,pv_central_fixed,Elec,total,0.042224236389975356
NEL,2040,pv_central_fixed,Elec,upperLimit,953.4275
NEL,2040,pv_central_track_azimuth,Elec,build,2.3361517251699426e-06
NEL,2040,pv_central_track_azimuth,Elec,decom,1.8110772993064255e-11
NEL,2040,pv_central_track_azimuth,Elec,total,5.138409713254811e-06
NEL,2040,pv_central_track_azimuth,Elec,upperLimit,952.7333000000002
NEL,2040,pv_decentral,Elec,build,3.2148175290748325e-07
NEL,2040,pv_decentral,Elec,decom,1.3326206994538703e-11
NEL,2040,pv_decentral,Elec,total,5.237894115687897e-07
NEL,2040,pv_decentral,Elec,upperLimit,0.65594
NEL,2040,wind_offshore_floating,Elec,build,9.629040424821874e-08
NEL,2040,wind_offshore_floating,Elec,decom,2.473476260789099e-12
NEL,2040,wind_offshore_floating,Elec,total,2.082180606056798e-07
NEL,2040,wind_offshore_floating,Elec,upperLimit,185.6849
NEL,2040,wind_offshore_foundation,Elec,build,3.600909189923759e-08
NEL,2040,wind_offshore_foundation,Elec,decom,2.9476648235600235e-12
NEL,2040,wind_offshore_foundation,Elec,total,7.442723966923359e-08
NEL,2040,wind_offshore_foundation,Elec,upperLimit,26.69322
NEL,2040,wind_onshore,Elec,build,1.2013295943435595e-07
NEL,2040,wind_onshore,Elec,decom,6.339454607520535e-12
NEL,2040,wind_onshore,Elec,total,2.3737092974104726e-07
NEL,2040,wind_onshore,Elec,upperLimit,29.51592
NEL,2050,Battery,Elec,build,0.014055492972026816
NEL,2050,Battery,Elec,decom,0.009691979667873744
NEL,2050,Battery,Elec,total,0.024978850009274297
NEL,2050,Battery,Elec,upperLimit,100.0
NEL,2050,Battery,Elec_battery,build,0.013704105647726145
NEL,2050,Battery,Elec_battery,decom,0.0094496801761769
NEL,2050,Battery,Elec_battery,total,0.02435437875904244
NEL,2050,Battery,Elec_battery,upperLimit,97.5
NEL,2050,pv_central_fixed,Elec,build,1.7809249765486683e-05
NEL,2050,pv_central_fixed,Elec,decom,9.507880631300648e-11
NEL,2050,pv_central_fixed,Elec,total,0.04224205242269536
NEL,2050,pv_central_fixed,Elec,upperLimit,1430.1412500000001
NEL,2050,pv_central_track_azimuth,Elec,build,1.587178035503682e-06
NEL,2050,pv_central_track_azimuth,Elec,decom,8.042415476876575e-11
NEL,2050,pv_central_track_azimuth,Elec,total,6.732385357932542e-06
NEL,2050,pv_central_track_azimuth,Elec,upperLimit,1429.0999500000003
NEL,2050,pv_decentral,Elec,build,3.6176809583992837e-07
NEL,2050,pv_decentral,Elec,decom,6.309532243636556e-11
NEL,2050,pv_decentral,Elec,total,8.923724454150997e-07
NEL,2050,pv_decentral,Elec,upperLimit,0.98391
NEL,2050,wind_offshore_floating,Elec,build,7.214076221439847e-08
NEL,2050,wind_offshore_floating,Elec,decom,1.0737964697303803e-11
NEL,2050,wind_offshore_floating,Elec,total,2.872261181841989e-07
NEL,2050,wind_offshore_floating,Elec,upperLimit,278.52735
NEL,2050,wind_offshore_foundation,Elec,build,3.1406166775699886e-08
NEL,2050,wind_offshore_foundation,Elec,decom,1.3415491779975627e-11
NEL,2050,wind_offshore_foundation,Elec,total,1.1269802428197142e-07
NEL,2050,wind_offshore_foundation,Elec,upperLimit,40.03983
NEL,2050,wind_onshore,Elec,build,7.778657067185127e-08
NEL,2050,wind_onshore,Elec,decom,3.0493813285636846e-11
NEL,2050,wind_onshore,Elec,total,3.220050399284307e-07
NEL,2050,wind_onshore,Elec,upperLimit,44.273880000000005
NIS,2030,Battery,Elec,build,0.40864272196522555
NIS,2030,Battery,Elec,total,0.40864272196522555
NIS,2030,Battery,Elec,upperLimit,50.0
NIS,2030,Battery,Elec_battery,build,0.3984266539160949
NIS,2030,Battery,Elec_battery,total,0.3984266539160949
NIS,2030,Battery,Elec_battery,upperLimit,48.75
NIS,2030,pv_central_fixed,Elec,build,0.9142030870763885
NIS,2030,pv_central_fixed,Elec,total,0.9142030870763885
NIS,2030,pv_central_fixed,Elec,upperLimit,240.13779
NIS,2030,pv_central_track_azimuth,Elec,build,3.3711637248623864e-06
NIS,2030,pv_central_track_azimuth,Elec,total,3.3711637248623864e-06
NIS,2030,pv_central_track_azimuth,Elec,upperLimit,240.13779
NIS,2030,pv_decentral,Elec,build,1.3740285457986632e-07
NIS,2030,pv_decentral,Elec,total,1.3740285457986632e-07
NIS,2030,pv_decentral,Elec,upperLimit,0.21621
NIS,2030,wind_offshore_floating,Elec,build,4.059516150360449e-08
NIS,2030,wind_offshore_floating,Elec,total,4.059516150360449e-08
NIS,2030,wind_offshore_floating,Elec,upperLimit,46.9103
NIS,2030,wind_offshore_foundation,Elec,build,5.25351349432072e-08
NIS,2030,wind_offshore_foundation,Elec,total,5.25351349432072e-08
NIS,2030,wind_offshore_foundation,Elec,upperLimit,4.8413
NIS,2030,wind_onshore,Elec,build,0.1437648990951393
NIS,2030,wind_onshore,Elec,total,0.1437648990951393
NIS,2030,wind_onshore,Elec,upperLimit,9.92282
NIS,2040,Battery,Elec,build,0.40110617484016214
NIS,2040,Battery,Elec,decom,2.4745677671525867e-10
NIS,2040,Battery,Elec,total,0.8097488999969475
NIS,2040,Battery,Elec,upperLimit,100.0
NIS,2040,Battery,Elec_battery,build,0.3910785204691581
NIS,2040,Battery,Elec_battery,decom,2.412703572973772e-10
NIS,2040,Battery,Elec_battery,total,0.7895051774970239
NIS,2040,Battery,Elec_battery,upperLimit,97.5
NIS,2040,pv_central_fixed,Elec,build,0.9029660352304677
NIS,2040,pv_central_fixed,Elec,decom,2.1332526868091214e-11
NIS,2040,pv_central_fixed,Elec,total,1.8171691257245404
NIS,2040,pv_central_fixed,Elec,upperLimit,480.27558
NIS,2040,pv_central_track_azimuth,Elec,build,2.7250467388022525e-06
NIS,2040,pv_central_track_azimuth,Elec,decom,1.8107059262173804e-11
NIS,2040,pv_central_track_azimuth,Elec,total,6.099631373269785e-06
NIS,2040,pv_central_track_azimuth,Elec,upperLimit,480.27558
NIS,2040,pv_decentral,Elec,build,1.8824989104990065e-07
NIS,2040,pv_decentral,Elec,decom,1.413499674767565e-11
NIS,2040,pv_decentral,Elec,total,3.290776272974282e-07
NIS,2040,pv_decentral,Elec,upperLimit,0.43242
NIS,2040,wind_offshore_floating,Elec,build,4.322274711733435e-08
NIS,2040,wind_offshore_floating,Elec,decom,2.4168349227695163e-12
NIS,2040,wind_offshore_floating,Elec,total,8.725450845042503e-08
NIS,2040,wind_offshore_floating,Elec,upperLimit,93.8206
NIS,2040,wind_offshore_foundation,Elec,build,5.5588629783416835e-08
NIS,2040,wind_offshore_foundation,Elec,decom,2.896604473861362e-12
NIS,2040,wind_offshore_foundation,Elec,total,1.1155988478655911e-07
NIS,2040,wind_offshore_foundation,Elec,upperLimit,9.6826
NIS,2040,wind_onshore,Elec,build,0.08628782735910122
NIS,2040,wind_onshore,Elec,decom,6.69675676924828e-12
NIS,2040,wind_onshore,Elec,total,0.2300527298865604
NIS,2040,wind_onshore,Elec,upperLimit,19.84564
NIS,2050,Battery,Elec,build,0.8596623113513662
NIS,2050,Battery,Elec,decom,0.4086427223113487
NIS,2050,Battery,Elec,total,1.6694112144412072
NIS,2050,Battery,Elec,upperLimit,100.0
NIS,2050,Battery,Elec_battery,build,0.838170753567582
NIS,2050,Battery,Elec_battery,decom,0.39842665425356494
NIS,2050,Battery,Elec_battery,total,1.6276759340801772
NIS,2050,Battery,Elec_battery,upperLimit,97.5
NIS,2050,pv_central_fixed,Elec,build,1.0406907982171605
NIS,2050,pv_central_fixed,Elec,decom,9.417698402006567e-11
NIS,2050,pv_central_fixed,Elec,total,2.8578599307255574
NIS,2050,pv_central_fixed,Elec,upperLimit,720.41337
NIS,2050,pv_central_track_azimuth,Elec,build,1.9269713680984128e-06
NIS,2050,pv_central_track_azimuth,Elec,decom,7.984701609799022e-11
NIS,2050,pv_central_track_azimuth,Elec,total,8.033400927680921e-06
NIS,2050,pv_central_track_azimuth,Elec,upperLimit,720.41337
NIS,2050,pv_decentral,Elec,build,2.248393887668226e-07
NIS,2050,pv_decentral,Elec,decom,6.383546705835278e-11
NIS,2050,pv_decentral,Elec,total,5.607312139260104e-07
NIS,2050,pv_decentral,Elec,upperLimit,0.64863
NIS,2050,wind_offshore_floating,Elec,build,4.1843517339146846e-08
NIS,2050,wind_offshore_floating,Elec,decom,1.019917613524581e-11
NIS,2050,wind_offshore_floating,Elec,total,1.3596585994225465e-07
NIS,2050,wind_offshore_floating,Elec,upperLimit,140.7309
NIS,2050,wind_offshore_foundation,Elec,build,5.3615768892333607e-08
NIS,2050,wind_offshore_foundation,Elec,decom,1.2176123404683985e-11
NIS,2050,wind_offshore_foundation,Elec,total,1.7204151088430597e-07
NIS,2050,wind_offshore_foundation,Elec,upperLimit,14.523900000000001
NIS,2050,wind_onshore,Elec,build,5.435003744814175e-06
NIS,2050,wind_onshore,Elec,decom,2.6412787752941048e-11
NIS,2050,wind_onshore,Elec,total,0.23005817174192575
NIS,2050,wind_onshore,Elec,upperLimit,29.768459999999997
OTG,2030,Battery,Elec,build,0.13802241760970727
OTG,2030,Battery,Elec,total,0.13802241760970727
OTG,2030,Battery,Elec,upperLimit,50.0
OTG,2030,Battery,Elec_battery,build,0.13457185716946457
OTG,2030,Battery,Elec_battery,total,0.13457185716946457
OTG,2030,Battery,Elec_battery,upperLimit,48.75
OTG,2030,pv_central_fixed,Elec,build,0.31173260861765334
OTG,2030,pv_central_fixed,Elec,total,0.31173260861765334
OTG,2030,pv_central_fixed,Elec,upperLimit,1165.37525
OTG,2030,pv_central_track_azimuth,Elec,build,1.8829227207298513e-06
OTG,2030,pv_central_track_azimuth,Elec,total,1.8829227207298513e-06
OTG,2030,pv_central_track_azimuth,Elec,upperLimit,1152.8751499999998
OTG,2030,pv_decentral,Elec,build,1.3345678519484e-07
OTG,2030,pv_decentral,Elec,total,1.3345678519484e-07
OTG,2030,pv_decentral,Elec,upperLimit,0.48821
OTG,2030,wind_offshore_floating,Elec,build,2.971873826360811e-07
OTG,2030,wind_offshore_floating,Elec,total,2.971873826360811e-07
OTG,2030,wind_offshore_floating,Elec,upperLimit,156.56917
OTG,2030,wind_offshore_foundation,Elec,build,5.27569851756295e-08
OTG,2030,wind_offshore_foundation,Elec,total,5.27569851756295e-08
OTG,2030,wind_offshore_foundation,Elec,upperLimit,9.93186
OTG,2030,wind_onshore,Elec,build,4.927169082703623e-07
OTG,2030,wind_onshore,Elec,total,4.927169082703623e-07
OTG,2030,wind_onshore,Elec,upperLimit,34.969080000000005
OTG,2040,Battery,Elec,build,0.04661829896955687
OTG,2040,Battery,Elec,decom,2.5362650107988683e-10
OTG,2040,Battery,Elec,total,0.1846407197646543
OTG,2040,Battery,Elec,upperLimit,100.0
OTG,2040,Battery,Elec_battery,build,0.04545284149531795
OTG,2040,Battery,Elec_battery,decom,2.4728583855288966e-10
OTG,2040,Battery,Elec_battery,total,0.18002470177053795
OTG,2040,Battery,Elec_battery,upperLimit,97.5
OTG,2040,pv_central_fixed,Elec,build,0.1030806508775079
OTG,2040,pv_central_fixed,Elec,decom,2.133958187611871e-11
OTG,2040,pv_central_fixed,Elec,total,0.4148132629447774
OTG,2040,pv_central_fixed,Elec,upperLimit,2330.7505
OTG,2040,pv_central_track_azimuth,Elec,build,1.9092708631054827e-06
OTG,2040,pv_central_track_azimuth,Elec,decom,1.7955910674379376e-11
OTG,2040,pv_central_track_azimuth,Elec,total,3.795614644589069e-06
OTG,2040,pv_central_track_azimuth,Elec,upperLimit,2305.7502999999997
OTG,2040,pv_decentral,Elec,build,1.8651920731618698e-07
OTG,2040,pv_decentral,Elec,decom,1.3400381486256526e-11
OTG,2040,pv_decentral,Elec,total,3.234016087939497e-07
OTG,2040,pv_decentral,Elec,upperLimit,0.97642
OTG,2040,wind_offshore_floating,Elec,build,1.726061459388836e-07
OTG,2040,wind_offshore_floating,Elec,decom,2.5537637434638595e-12
OTG,2040,wind_offshore_floating,Elec,total,4.7322999147563047e-07
OTG,2040,wind_offshore_floating,Elec,upperLimit,313.13834
OTG,2040,wind_offshore_foundation,Elec,build,5.4221928373530966e-08
OTG,2040,wind_offshore_foundation,Elec,decom,2.922011722885791e-12
OTG,2040,wind_offshore_foundation,Elec,total,1.1041500820184658e-07
OTG,2040,wind_offshore_foundation,Elec,upperLimit,19.86372
OTG,2040,wind_onshore,Elec,build,5.142074954310566e-07
OTG,2040,wind_onshore,Elec,decom,6.3592104780929505e-12
OTG,2040,wind_onshore,Elec,total,1.0103570611553495e-06
OTG,2040,wind_onshore,Elec,upperLimit,69.93816000000001
OTG,2050,Battery,Elec,build,0.17486680299342316
OTG,2050,Battery,Elec,decom,0.13802241795438247
OTG,2050,Battery,Elec,total,0.35950752585241896
OTG,2050,Battery,Elec,upperLimit,100.0
OTG,2050,Battery,Elec_battery,build,0.1704951329185876
OTG,2050,Battery,Elec_battery,decom,0.1345718575055229
OTG,2050,Battery,Elec_battery,total,0.3505198377061085
OTG,2050,Battery,Elec_battery,upperLimit,97.5
OTG,2050,pv_central_fixed,Elec,build,0.08241397812787336
OTG,2050,pv_central_fixed,Elec,decom,9.423411748855651e-11
OTG,2050,pv_central_fixed,Elec,total,0.4972272477648952
OTG,2050,pv_central_fixed,Elec,upperLimit,3496.12575
OTG,2050,pv_central_track_azimuth,Elec,build,1.5495287912045592e-06
OTG,2050,pv_central_track_azimuth,Elec,decom,7.923129394098337e-11
OTG,2050,pv_central_track_azimuth,Elec,total,5.351942237828506e-06
OTG,2050,pv_central_track_azimuth,Elec,upperLimit,3458.6254499999995
OTG,2050,pv_decentral,Elec,build,2.2383387265014525e-07
OTG,2050,pv_decentral,Elec,decom,7.4638130767378e-11
OTG,2050,pv_decentral,Elec,total,5.540388766421455e-07
OTG,2050,pv_decentral,Elec,upperLimit,1.4646299999999999
OTG,2050,wind_offshore_floating,Elec,build,9.214504395148461e-08
OTG,2050,wind_offshore_floating,Elec,decom,1.1494955558586786e-11
OTG,2050,wind_offshore_floating,Elec,total,5.722415738003745e-07
OTG,2050,wind_offshore_floating,Elec,upperLimit,469.70751000000007
OTG,2050,wind_offshore_foundation,Elec,build,4.407577956211036e-08
OTG,2050,wind_offshore_foundation,Elec,decom,1.3069933528693067e-11
OTG,2050,wind_offshore_foundation,Elec,total,1.6135575115924617e-07
OTG,2050,wind_offshore_foundation,Elec,upperLimit,29.79558
OTG,2050,wind_onshore,Elec,build,2.309910663356186e-07
OTG,2050,wind_onshore,Elec,decom,2.953629822718485e-11
OTG,2050,wind_onshore,Elec,total,1.2481966245215595e-06
OTG,2050,wind_onshore,Elec,upperLimit,104.90724000000002
TRN,2030,Battery,Elec,build,0.10618436258926554
TRN,2030,Battery,Elec,total,0.10618436258926554
TRN,2030,Battery,Elec,upperLimit,50.0
TRN,2030,Battery,Elec_battery,build,0.1035297535245339
TRN,2030,Battery,Elec_battery,total,0.1035297535245339
TRN,2030,Battery,Elec_battery,upperLimit,48.75
TRN,2030,pv_central_fixed,Elec,build,0.28993214105058174
TRN,2030,pv_central_fixed,Elec,total,0.28993214105058174
TRN,2030,pv_central_fixed,Elec,upperLimit,155.54731
TRN,2030,pv_central_track_azimuth,Elec,build,3.7775661887082307e-06
TRN,2030,pv_central_track_azimuth,Elec,total,3.7775661887082307e-06
TRN,2030,pv_central_track_azimuth,Elec,upperLimit,155.54731
TRN,2030,pv_decentral,Elec,build,1.5427934863033131e-07
TRN,2030,pv_decentral,Elec,total,1.5427934863033131e-07
TRN,2030,pv_decentral,Elec,upperLimit,0.26493
TRN,2030,wind_offshore_floating,Elec,build,2.8073360246762285e-07
TRN,2030,wind_offshore_floating,Elec,total,2.8073360246762285e-07
TRN,2030,wind_offshore_floating,Elec,upperLimit,70.73452999999999
TRN,2030,wind_offshore_foundation,Elec,build,2.0086436285969062e-07
TRN,2030,wind_offshore_foundation,Elec,total,2.0086436285969062e-07
TRN,2030,wind_offshore_foundation,Elec,upperLimit,8.922930000000001
TRN,2030,wind_onshore,Elec,build,6.918444587092446e-07
TRN,2030,wind_onshore,Elec,total,6.918444587092446e-07
TRN,2030,wind_onshore,Elec,upperLimit,6.61795
TRN,2040,Battery,Elec,build,0.10421396236577952
TRN,2040,Battery,Elec,decom,2.522180210822453e-10
TRN,2040,Battery,Elec,total,0.2103983281418437
TRN,2040,Battery,Elec,upperLimit,100.0
TRN,2040,Battery,Elec_battery,build,0.10160861330663504
TRN,2040,Battery,Elec_battery,decom,2.459125705551892e-10
TRN,2040,Battery,Elec_battery,total,0.2051383699382976
TRN,2040,Battery,Elec_battery,upperLimit,97.5
TRN,2040,pv_central_fixed,Elec,build,0.300994403026455
TRN,2040,pv_central_fixed,Elec,decom,2.132737611452654e-11
TRN,2040,pv_central_fixed,Elec,total,0.5909265474947261
TRN,2040,pv_central_fixed,Elec,upperLimit,311.09462
TRN,2040,pv_central_track_azimuth,Elec,build,2.7397374787591834e-06
TRN,2040,pv_central_track_azimuth,Elec,decom,1.8167292235055376e-11
TRN,2040,pv_central_track_azimuth,Elec,total,6.520724516839588e-06
TRN,2040,pv_central_track_azimuth,Elec,upperLimit,311.09462
TRN,2040,pv_decentral,Elec,build,2.0682051797970008e-07
TRN,2040,pv_decentral,Elec,decom,1.3603459732402302e-11
TRN,2040,pv_decentral,Elec,total,3.6452527981470797e-07
TRN,2040,pv_decentral,Elec,upperLimit,0.52986
TRN,2040,wind_offshore_floating,Elec,build,2.477383112435981e-07
TRN,2040,wind_offshore_floating,Elec,decom,2.4319078901031676e-12
TRN,2040,wind_offshore_floating,Elec,total,5.319084984677397e-07
TRN,2040,wind_offshore_floating,Elec,upperLimit,141.46905999999998
TRN,2040,wind_offshore_foundation,Elec,build,2.0275100641297698e-07
TRN,2040,wind_offshore_foundation,Elec,decom,2.9190015161612937e-12
TRN,2040,wind_offshore_foundation,Elec,total,4.0705146693556044e-07
TRN,2040,wind_offshore_foundation,Elec,upperLimit,17.845860000000002
TRN,2040,wind_onshore,Elec,build,6.002870465700328e-07
TRN,2040,wind_onshore,Elec,decom,6.469638264734483e-12
TRN,2040,wind_onshore,Elec,total,1.2955640523054218e-06
TRN,2040,wind_onshore,Elec,upperLimit,13.2359
TRN,2050,Battery,Elec,build,0.20562235066422882
TRN,2050,Battery,Elec,decom,0.1061843629349302
TRN,2050,Battery,Elec,total,0.41602068189942454
TRN,2050,Battery,Elec,upperLimit,100.0
TRN,2050,Battery,Elec_battery,build,0.2004817918976231
TRN,2050,Battery,Elec_battery,decom,0.10352975386155694
TRN,2050,Battery,Elec_battery,total,0.4056201648519389
TRN,2050,Battery,Elec_battery,upperLimit,97.5
TRN,2050,pv_central_fixed,Elec,build,0.27722253008554393
TRN,2050,pv_central_fixed,Elec,decom,9.418318397218335e-11
TRN,2050,pv_central_fixed,Elec,total,0.8681490843641202
TRN,2050,pv_central_fixed,Elec,upperLimit,466.64193
TRN,2050,pv_central_track_azimuth,Elec,build,1.9124399003288563e-06
TRN,2050,pv_central_track_azimuth,Elec,decom,8.008867488536075e-11
TRN,2050,pv_central_track_azimuth,Elec,total,8.439962361822378e-06
TRN,2050,pv_central_track_azimuth,Elec,upperLimit,466.64193
TRN,2050,pv_decentral,Elec,build,2.4326386095733357e-07
TRN,2050,pv_decentral,Elec,decom,6.596611046319203e-11
TRN,2050,pv_decentral,Elec,total,6.146012079903963e-07
TRN,2050,pv_decentral,Elec,upperLimit,0.79479
TRN,2050,wind_offshore_floating,Elec,build,1.3070186492317667e-07
TRN,2050,wind_offshore_floating,Elec,decom,1.0704434212171061e-11
TRN,2050,wind_offshore_floating,Elec,total,6.694776922855222e-07
TRN,2050,wind_offshore_floating,Elec,upperLimit,212.20358999999996
TRN,2050,wind_offshore_foundation,Elec,build,1.1333637224087097e-07
TRN,2050,wind_offshore_foundation,Elec,decom,1.300063665043157e-11
TRN,2050,wind_offshore_foundation,Elec,total,5.27252871868599e-07
TRN,2050,wind_offshore_foundation,Elec,upperLimit,26.768790000000003
TRN,2050,wind_onshore,Elec,build,2.489922489813005e-07
TRN,2050,wind_onshore,Elec,decom,3.0092639565588726e-11
TRN,2050,wind_onshore,Elec,total,1.5514042419759741e-06
TRN,2050,wind_onshore,Elec,upperLimit,19.85385
WEL,2030,Battery,Elec,build,2.2913558224250295e-06
WEL,2030,Battery,Elec,total,2.2913558224250295e-06
WEL,2030,Battery,Elec,upperLimit,50.0
WEL,2030,Battery,Elec_battery,build,2.234071926864404e-06
WEL,2030,Battery,Elec_battery,total,2.234071926864404e-06
WEL,2030,Battery,Elec_battery,upperLimit,48.75
WEL,2030,pv_central_fixed,Elec,build,7.998031799709529e-07
WEL,2030,pv_central_fixed,Elec,total,7.998031799709529e-07
WEL,2030,pv_central_fixed,Elec,upperLimit,153.41646
WEL,2030,pv_central_track_azimuth,Elec,build,5.639961562220425e-07
WEL,2030,pv_central_track_azimuth,Elec,total,5.639961562220425e-07
WEL,2030,pv_central_track_azimuth,Elec,upperLimit,153.37588
WEL,2030,pv_decentral,Elec,build,1.4387593208593237e-07
WEL,2030,pv_decentral,Elec,total,1.4387593208593237e-07
WEL,2030,pv_decentral,Elec,upperLimit,0.73494
WEL,2030,wind_offshore_floating,Elec,build,7.6209372342347e-08
WEL,2030,wind_offshore_floating,Elec,total,7.6209372342347e-08
WEL,2030,wind_offshore_floating,Elec,upperLimit,14.85307
WEL,2030,wind_offshore_foundation,Elec,build,5.095513905913808e-08
WEL,2030,wind_offshore_foundation,Elec,total,5.095513905913808e-08
WEL,2030,wind_offshore_foundation,Elec,upperLimit,0.6467200000000001
WEL,2030,wind_onshore,Elec,build,0.020869734034489554
WEL,2030,wind_onshore,Elec,total,0.020869734034489554
WEL,2030,wind_onshore,Elec,upperLimit,6.18409
WEL,2040,Battery,Elec,build,5.9911780382974836e-06
WEL,2040,Battery,Elec,decom,2.1076540464799103e-10
WEL,2040,Battery,Elec,total,8.285762111982278e-06
WEL,2040,Battery,Elec,upperLimit,100.0
WEL,2040,Battery,Elec_battery,build,5.841398587340046e-06
WEL,2040,Battery,Elec_battery,decom,2.0549626953179126e-10
WEL,2040,Battery,Elec_battery,total,8.07861805918272e-06
WEL,2040,Battery,Elec_battery,upperLimit,97.5
WEL,2040,pv_central_fixed,Elec,build,6.022287997489945e-07
WEL,2040,pv_central_fixed,Elec,decom,2.238186181010306e-11
WEL,2040,pv_central_fixed,Elec,total,1.4054486145225457e-06
WEL,2040,pv_central_fixed,Elec,upperLimit,306.83292
WEL,2040,pv_central_track_azimuth,Elec,build,4.1711459660588526e-07
WEL,2040,pv_central_track_azimuth,Elec,decom,1.919375774090164e-11
WEL,2040,pv_central_track_azimuth,Elec,total,9.845305757345956e-07
WEL,2040,pv_central_track_azimuth,Elec,upperLimit,306.75176
WEL,2040,pv_decentral,Elec,build,1.8662525459513576e-07
WEL,2040,pv_decentral,Elec,decom,1.3666521731181531e-11
WEL,2040,pv_decentral,Elec,total,3.3392653682374595e-07
WEL,2040,pv_decentral,Elec,upperLimit,1.46988
WEL,2040,wind_offshore_floating,Elec,build,7.819553128994151e-08
WEL,2040,wind_offshore_floating,Elec,decom,2.4138259014875075e-12
WEL,2040,wind_offshore_floating,Elec,total,1.5784150647079605e-07
WEL,2040,wind_offshore_floating,Elec,upperLimit,29.70614
WEL,2040,wind_offshore_foundation,Elec,build,5.498024908795927e-08
WEL,2040,wind_offshore_foundation,Elec,decom,2.8753051506539265e-12
WEL,2040,wind_offshore_foundation,Elec,total,1.0937152950635565e-07
WEL,2040,wind_offshore_foundation,Elec,upperLimit,1.2934400000000001
WEL,2040,wind_onshore,Elec,build,0.008750636357562902
WEL,2040,wind_onshore,Elec,decom,6.387705169321602e-12
WEL,2040,wind_onshore,Elec,total,0.02962037382468142
WEL,2040,wind_onshore,Elec,upperLimit,12.36818
WEL,2050,Battery,Elec,build,0.006247613468516189
WEL,2050,Battery,Elec,decom,2.2915935794430994e-06
WEL,2050,Battery,Elec,total,0.006255902431887818
WEL,2050,Battery,Elec,upperLimit,100.0
WEL,2050,Battery,Elec_battery,build,0.006091423131803285
WEL,2050,Battery,Elec_battery,decom,2.234303739957022e-06
WEL,2050,Battery,Elec_battery,total,0.006099504871090623
WEL,2050,Battery,Elec_battery,upperLimit,97.5
WEL,2050,pv_central_fixed,Elec,build,5.698114919879223e-07
WEL,2050,pv_central_fixed,Elec,decom,9.801766045697281e-11
WEL,2050,pv_central_fixed,Elec,total,1.9820401221788293e-06
WEL,2050,pv_central_fixed,Elec,upperLimit,460.24938
WEL,2050,pv_central_track_azimuth,Elec,build,3.7684019568356363e-07
WEL,2050,pv_central_track_azimuth,Elec,decom,8.354056601291716e-11
WEL,2050,pv_central_track_azimuth,Elec,total,1.368165264180964e-06
WEL,2050,pv_central_track_azimuth,Elec,upperLimit,460.12764
WEL,2050,pv_decentral,Elec,build,2.0999237626316438e-07
WEL,2050,pv_decentral,Elec,decom,6.403254134201455e-11
WEL,2050,pv_decentral,Elec,total,5.507329138743863e-07
WEL,2050,pv_decentral,Elec,upperLimit,2.2048200000000002
WEL,2050,wind_offshore_floating,Elec,build,6.077730686086815e-08
WEL,2050,wind_offshore_floating,Elec,decom,1.0612709620609111e-11
WEL,2050,wind_offshore_floating,Elec,total,2.2548623395086144e-07
WEL,2050,wind_offshore_floating,Elec,upperLimit,44.55921
WEL,2050,wind_offshore_foundation,Elec,build,4.772477020931036e-08
WEL,2050,wind_offshore_foundation,Elec,decom,1.2993467737499545e-11
WEL,2050,wind_offshore_foundation,Elec,total,1.639613395767464e-07
WEL,2050,wind_offshore_foundation,Elec,upperLimit,1.94016
WEL,2050,wind_onshore,Elec,build,4.7883348675923e-07
WEL,2050,wind_onshore,Elec,decom,3.0758382703295105e-11
WEL,2050,wind_onshore,Elec,total,0.029620859505443128
WEL,2050,wind_onshore,Elec,upperLimit,18.55227
WTO,2030,Battery,Elec,build,0.0068748753116797436
WTO,2030,Battery,Elec,total,0.0068748753116797436
WTO,2030,Battery,Elec,upperLimit,50.0
WTO,2030,Battery,Elec_battery,build,0.00670300342888775
WTO,2030,Battery,Elec_battery,total,0.00670300342888775
WTO,2030,Battery,Elec_battery,upperLimit,48.75
WTO,2030,pv_central_fixed,Elec,build,0.018431367969711593
WTO,2030,pv_central_fixed,Elec,total,0.018431367969711593
WTO,2030,pv_central_fixed,Elec,upperLimit,386.80891
WTO,2030,pv_central_track_azimuth,Elec,build,5.718239806759303e-06
WTO,2030,pv_central_track_azimuth,Elec,total,5.718239806759303e-06
WTO,2030,pv_central_track_azimuth,Elec,upperLimit,386.80891
WTO,2030,pv_decentral,Elec,build,1.3956071491487773e-07
WTO,2030,pv_decentral,Elec,total,1.3956071491487773e-07
WTO,2030,pv_decentral,Elec,upperLimit,0.8363700000000001
WTO,2030,wind_offshore_floating,Elec,build,2.996659197719852e-08
WTO,2030,wind_offshore_floating,Elec,total,2.996659197719852e-08
WTO,2030,wind_offshore_floating,Elec,upperLimit,14.69397
WTO,2030,wind_offshore_foundation,Elec,build,3.114784134887933e-08
WTO,2030,wind_offshore_foundation,Elec,total,3.114784134887933e-08
WTO,2030,wind_offshore_foundation,Elec,upperLimit,2.02853
WTO,2030,wind_onshore,Elec,build,1.1206787706747458e-07
WTO,2030,wind_onshore,Elec,total,1.1206787706747458e-07
WTO,2030,wind_onshore,Elec,upperLimit,15.00559
WTO,2040,Battery,Elec,build,0.0361277699714584
WTO,2040,Battery,Elec,decom,2.501508513859431e-10
WTO,2040,Battery,Elec,total,0.043002648472003954
WTO,2040,Battery,Elec,upperLimit,100.0
WTO,2040,Battery,Elec_battery,build,0.035224575722171934
WTO,2040,Battery,Elec_battery,decom,2.438970801012945e-10
WTO,2040,Battery,Elec_battery,total,0.04192758226020385
WTO,2040,Battery,Elec_battery,upperLimit,97.5
WTO,2040,pv_central_fixed,Elec,build,0.14990318811837008
WTO,2040,pv_central_fixed,Elec,decom,2.1323567681759577e-11
WTO,2040,pv_central_fixed,Elec,total,0.16833455950577478
WTO,2040,pv_central_fixed,Elec,upperLimit,773.61782
WTO,2040,pv_central_track_azimuth,Elec,build,3.199431650067882e-06
WTO,2040,pv_central_track_azimuth,Elec,decom,1.823647603892901e-11
WTO,2040,pv_central_track_azimuth,Elec,total,8.921092237015548e-06
WTO,2040,pv_central_track_azimuth,Elec,upperLimit,773.61782
WTO,2040,pv_decentral,Elec,build,1.894480344192457e-07
WTO,2040,pv_decentral,Elec,decom,1.347835493663443e-11
WTO,2040,pv_decentral,Elec,total,3.324342876435957e-07
WTO,2040,pv_decentral,Elec,upperLimit,1.6727400000000001
WTO,2040,wind_offshore_floating,Elec,build,3.4629512666227e-08
WTO,2040,wind_offshore_floating,Elec,decom,2.3755675967234107e-12
WTO,2040,wind_offshore_floating,Elec,total,6.803274574023778e-08
WTO,2040,wind_offshore_floating,Elec,upperLimit,29.38794
WTO,2040,wind_offshore_foundation,Elec,build,3.585991849843535e-08
WTO,2040,wind_offshore_foundation,Elec,decom,2.8492910794392906e-12
WTO,2040,wind_offshore_foundation,Elec,total,7.044392722064424e-08
WTO,2040,wind_offshore_foundation,Elec,upperLimit,4.05706
WTO,2040,wind_onshore,Elec,build,1.2693032977481745e-07
WTO,2040,wind_onshore,Elec,decom,6.2183206842071144e-12
WTO,2040,wind_onshore,Elec,total,2.424310051860168e-07
WTO,2040,wind_onshore,Elec,upperLimit,30.01118
WTO,2050,Battery,Elec,build,0.03181088383987422
WTO,2050,Battery,Elec,decom,0.006874875657248638
WTO,2050,Battery,Elec,total,0.07481353540532595
WTO,2050,Battery,Elec,upperLimit,100.0
WTO,2050,Battery,Elec_battery,build,0.03101561174387736
WTO,2050,Battery,Elec_battery,decom,0.0067030037658174215
WTO,2050,Battery,Elec_battery,total,0.0729431970201928
WTO,2050,Battery,Elec_battery,upperLimit,97.5
WTO,2050,pv_central_fixed,Elec,build,0.12193746174027058
WTO,2050,pv_central_fixed,Elec,decom,9.417993180539807e-11
WTO,2050,pv_central_fixed,Elec,total,0.29027202802989877
WTO,2050,pv_central_fixed,Elec,upperLimit,1160.4267300000001
WTO,2050,pv_central_track_azimuth,Elec,build,2.038279290989922e-06
WTO,2050,pv_central_track_azimuth,Elec,decom,8.041899629112165e-11
WTO,2050,pv_central_track_azimuth,Elec,total,1.0966169142338e-05
WTO,2050,pv_central_track_azimuth,Elec,upperLimit,1160.4267300000001
WTO,2050,pv_decentral,Elec,build,2.211532118019467e-07
WTO,2050,pv_decentral,Elec,decom,6.380593656661266e-11
WTO,2050,pv_decentral,Elec,total,5.604017268377934e-07
WTO,2050,pv_decentral,Elec,upperLimit,2.50911
WTO,2050,wind_offshore_floating,Elec,build,3.7773756514284484e-08
WTO,2050,wind_offshore_floating,Elec,decom,9.758604910046464e-12
WTO,2050,wind_offshore_floating,Elec,total,1.1267477697843013e-07
WTO,2050,wind_offshore_floating,Elec,upperLimit,44.08191
WTO,2050,wind_offshore_foundation,Elec,build,3.800161866235368e-08
WTO,2050,wind_offshore_foundation,Elec,decom,1.218713670993454e-11
WTO,2050,wind_offshore_foundation,Elec,total,1.153113920751059e-07
WTO,2050,wind_offshore_foundation,Elec,upperLimit,6.08559
WTO,2050,wind_onshore,Elec,build,1.177319173040977e-07
WTO,2050,wind_onshore,Elec,decom,2.6508340130498552e-11
WTO,2050,wind_onshore,Elec,total,3.6701444747880204e-07
WTO,2050,wind_onshore,Elec,upperLimit,45.01677
global,2030,Battery,Elec,build,0.8572216483560609
global,2030,Battery,Elec,total,0.8572216483560609
global,2030,Battery,Elec,upperLimit,550.0
global,2030,Battery,Elec_battery,build,0.8357911071471592
global,2030,Battery,Elec_battery,total,0.8357911071471592
global,2030,Battery,Elec_battery,upperLimit,536.25
global,2030,pv_central_fixed,Elec,build,1.8791481390949576
global,2030,pv_central_fixed,Elec,total,1.8791481390949576
global,2030,pv_central_fixed,Elec,upperLimit,4836.897559999999
global,2030,pv_central_track_azimuth,Elec,build,0.07239175321328141
global,2030,pv_central_track_azimuth,Elec,total,0.07239175321328141
global,2030,pv_central_track_azimuth,Elec,upperLimit,4813.969099999999
global,2030,pv_decentral,Elec,build,1.5766203018202507e-06
global,2030,pv_decentral,Elec,total,1.5766203018202507e-06
global,2030,pv_decentral,Elec,upperLimit,7.606959999999999
global,2030,wind_offshore_floating,Elec,build,1.1490676499052627e-06
global,2030,wind_offshore_floating,Elec,total,1.1490676499052627e-06
global,2030,wind_offshore_floating,Elec,upperLimit,543.14318
global,2030,wind_offshore_foundation,Elec,build,7.027422940362174e-07
global,2030,wind_offshore_foundation,Elec,total,7.027422940362174e-07
global,2030,wind_offshore_foundation,Elec,upperLimit,90.87247000000002
global,2030,wind_onshore,Elec,build,0.1694706903495846
global,2030,wind_onshore,Elec,total,0.1694706903495846
global,2030,wind_onshore,Elec,upperLimit,165.55321000000004
global,2040,Battery,Elec,build,0.8728284440956531
global,2040,Battery,Elec,decom,2.6996421997268553e-09
global,2040,Battery,Elec,total,1.7300501275812552
global,2040,Battery,Elec,upperLimit,1100.0
global,2040,Battery,Elec_battery,build,0.8510077329932619
global,2040,Battery,Elec_battery,decom,2.632151144733684e-09
global,2040,Battery,Elec_battery,total,1.6867988743917237
global,2040,Battery,Elec_battery,upperLimit,1072.5
global,2040,pv_central_fixed,Elec,build,2.039885801532079
global,2040,pv_central_fixed,Elec,decom,2.375755824337841e-10
global,2040,pv_central_fixed,Elec,total,3.9190339782505825
global,2040,pv_central_fixed,Elec,upperLimit,9673.795119999999
global,2040,pv_central_track_azimuth,Elec,build,1.9031632284503635e-05
global,2040,pv_central_track_azimuth,Elec,decom,2.028717994052097e-10
global,2040,pv_central_track_azimuth,Elec,total,0.07241082247187743
global,2040,pv_central_track_azimuth,Elec,upperLimit,9627.938199999999
global,2040,pv_decentral,Elec,build,2.1636807319305146e-06
global,2040,pv_decentral,Elec,decom,1.4983272903838284e-10
global,2040,pv_decentral,Elec,total,3.777980384330226e-06
global,2040,pv_decentral,Elec,upperLimit,15.213920000000003
global,2040,wind_offshore_floating,Elec,build,1.0177792666296764e-06
global,2040,wind_offshore_floating,Elec,decom,2.6751396625718454e-11
global,2040,wind_offshore_floating,Elec,total,2.2046493484468123e-06
global,2040,wind_offshore_floating,Elec,upperLimit,1086.2863599999996
global,2040,wind_offshore_foundation,Elec,build,7.499847252523983e-07
global,2040,wind_offshore_foundation,Elec,decom,3.180479469904797e-11
global,2040,wind_offshore_foundation,Elec,total,1.4905243978024153e-06
global,2040,wind_offshore_foundation,Elec,upperLimit,181.74493999999996
global,2040,wind_onshore,Elec,build,0.13147046487709604
global,2040,wind_onshore,Elec,decom,6.999190256320926e-11
global,2040,wind_onshore,Elec,total,0.300941192985872
global,2040,wind_onshore,Elec,upperLimit,331.10642000000007
global,2050,Battery,Elec,build,1.7221238908584269
global,2050,Battery,Elec,decom,0.8572216521176055
global,2050,Battery,Elec,total,3.452174052507321
global,2050,Battery,Elec,upperLimit,1100.0
global,2050,Battery,Elec_battery,build,1.6790707935869662
global,2050,Battery,Elec_battery,decom,0.8357911108146653
global,2050,Battery,Elec_battery,total,3.365869701194638
global,2050,Battery,Elec_battery,upperLimit,1072.5
global,2050,pv_central_fixed,Elec,build,2.0226356522917883
global,2050,pv_central_fixed,Elec,decom,1.0451458633582296e-09
global,2050,pv_central_fixed,Elec,total,5.941669705064038
global,2050,pv_central_fixed,Elec,upperLimit,14510.692680000006
global,2050,pv_central_track_azimuth,Elec,build,1.4134117710873337e-05
global,2050,pv_central_track_azimuth,Elec,decom,8.907797162026919e-10
global,2050,pv_central_track_azimuth,Elec,total,0.07242503135717517
global,2050,pv_central_track_azimuth,Elec,upperLimit,14441.907299999999
global,2050,pv_decentral,Elec,build,2.530569627350292e-06
global,2050,pv_decentral,Elec,decom,7.072678165330807e-10
global,2050,pv_decentral,Elec,total,6.383501110480983e-06
global,2050,pv_decentral,Elec,upperLimit,22.82088
global,2050,wind_offshore_floating,Elec,build,7.452517925649561e-07
global,2050,wind_offshore_floating,Elec,decom,1.1603295335137269e-10
global,2050,wind_offshore_floating,Elec,total,3.025443474675415e-06
global,2050,wind_offshore_floating,Elec,upperLimit,1629.4295399999994
global,2050,wind_offshore_foundation,Elec,build,6.020033981691636e-07
global,2050,wind_offshore_foundation,Elec,decom,1.3978338089417223e-10
global,2050,wind_offshore_foundation,Elec,total,2.168046379207682e-06
global,2050,wind_offshore_foundation,Elec,upperLimit,272.61740999999995
global,2050,wind_onshore,Elec,build,0.1307181736719819
global,2050,wind_onshore,Elec,decom,3.153543999779803e-10
global,2050,wind_onshore,Elec,total,0.43165944200086614
global,2050,wind_onshore,Elec,upperLimit,496.65963000000016
